title,year,worldwide_gross,budget,wiki_total_views,wiki_languages,reddit_upvotes,reddit_comments,reddit_engagement,tmdb_vote_count,tmdb_vote_average,tmdb_popularity,gtrends_avg_interest,omdb_total_wins,omdb_total_nominations,omdb_oscar_wins,wikiquote_count,meme_post_count,subreddit_diversity,cfi_comp_wiki_views,cfi_comp_wiki_langs,cfi_comp_reddit,cfi_comp_tmdb_votes,cfi_comp_gtrends,cfi_comp_awards,cfi_comp_quotes,cfi_comp_memes,cultural_footprint_index,cfi_score,cfi_predicted,cfi_residual,cultural_category
Avatar,2009,2923706994,237000000,10390866,87,362902,17605,380507,33797,7.602,36.8934,4.840909090909091,91,131,3,16,3,7,0.8160673985687903,0.31225296442687744,0.8026398279591739,0.9854520647994671,0.12158984408281502,0.8169489361834195,0.6812438068750566,0.6309297535714573,0.6785831822995022,80.90406277324252,67.8714511106082,13.03261166263431,Overperformer
Avengers: Endgame,2019,2798754989,356000000,8470758,82,1006743,170391,1177134,27516,8.234,43.6233,5.11,71,132,0,13,1,4,0.7926009728777235,0.2924901185770751,0.8731844619472995,0.9660232611883399,0.12834864104967197,0.8034944431390993,0.6345591536762674,0.31546487678572865,0.6471951364066227,72.01264258599902,67.09568900058579,4.916953585413225,As Expected
Avatar: The Way of Water,2022,2320250281,350000000,12466372,62,175978,40938,216916,13973,7.593,33.5046,7.078125,74,153,1,14,8,2,0.8369840190522049,0.2134387351778656,0.7675345063839976,0.9019901075037572,0.1777823336457357,0.8202990996434898,0.6511484326014197,1.0,0.6973695759444674,86.22576136736365,64.69947268281564,21.526288684548007,Strong Overperformer
Titanic,1997,2257844680,200000000,11970823,141,477118,18646,495764,27009,7.902,36.982,20.682835820895523,126,84,11,18,3,7,0.8323250677925964,0.525691699604743,0.8191679627674574,0.9642658765989252,0.519493908153702,0.8085918098302273,0.7079879189072642,0.6309297535714573,0.7459947027786428,100.0,64.6460916802234,35.35390831977659,Strong Overperformer
Star Wars: The Force Awakens,2015,2071562175,200000000,4246294,69,171516,44458,215974,20434,7.25,18.0799,2.189189189189189,0,0,0,17,1,7,0.7132827116212208,0.24110671936758893,0.7672626468743126,0.937904575214246,0.05498619519238075,0.0,0.6949875002403854,0.31546487678572865,0.5205540583791397,36.13850624916881,63.54151479877257,-27.403008549603754,Strong Underperformer
Avengers: Infinity War,2018,2052415039,316000000,4171096,79,498116,119131,617247,31754,8.234,51.5505,4.276785714285714,48,80,0,24,3,4,0.7112304453677967,0.28063241106719367,0.8328585274582571,0.979559906503603,0.10742067211139376,0.734250499447729,0.7739760316291208,0.6309297535714573,0.6594947219982606,75.4967965214636,63.18015346904022,12.316643052423373,Overperformer
Spider-Man: No Way Home,2021,1929340411,200000000,8977321,63,337346,58185,395531,21801,7.934,79.3508,6.2368421052631575,35,72,0,33,4,5,0.7992721316154459,0.21739130434782605,0.805058785447551,0.944023640715864,0.1566517042371627,0.7074053288374458,0.8479104735417233,0.7324867603589634,0.681453104616498,81.71703741053736,62.62913603767552,19.087901372861836,Strong Overperformer
Inside Out 2,2024,1698468228,200000000,13137244,47,400647,53884,454531,6595,7.544,27.5743,3.7514450867052025,7,107,0,22,1,8,0.8430044996161099,0.1541501976284585,0.8137438233737426,0.8310462756251401,0.09422561229962458,0.7168936772064365,0.7539269926761688,0.31546487678572865,0.6179204278201261,63.71987610445466,60.9942080722212,2.7256680322334645,As Expected
Jurassic World,2015,1670400637,150000000,5334861,58,150182,14846,165028,21468,6.699,12.922,5.398648648648648,15,58,0,15,3,5,0.7394952963669932,0.19762845849802368,0.7504567501300328,0.9425691404078184,0.13559867271207476,0.6502847602727153,0.6666666666666667,0.6309297535714573,0.6203581545122809,64.41042091873139,60.932804940346756,3.477615978384634,As Expected
The Lion King (2019),2019,1657922558,260000000,5022922,56,257801,39622,297423,10701,7.099,13.7868,4.71,21,44,0,41,1,5,0.7325749545046796,0.18972332015810278,0.7872514665351499,0.8767807726620537,0.11830178069353327,0.632998937178216,0.8987195704631268,0.31546487678572865,0.607164210002042,60.67291827304035,60.54532497409102,0.12759329894933558,As Expected
The Avengers,2012,1520591679,220000000,4439368,84,125389,24718,150107,37302,8.003,55.5394,5.809782608695652,40,81,0,30,2,5,0.7183899453069205,0.30039525691699603,0.7445371021085017,0.9947764975282024,0.14592518642272118,0.7258211959554243,0.8256993850644793,0.5,0.6418471616718667,70.4976999011387,59.52462272170206,10.973077179436643,Overperformer
Furious 7,2015,1515461453,190000000,3627877,54,140548,20423,160971,11219,7.218,12.7135,2.3716216216216215,36,36,0,8,1,5,0.6952040946829703,0.18181818181818182,0.7489019269814251,0.8812474890317106,0.059568378125079154,0.6482291342554843,0.5283208335737188,0.31546487678572865,0.5502860936918694,44.560821543648885,59.55890906649418,-14.998087522845296,Underperformer
Frozen II,2019,1450026015,150000000,1112957,71,58346,17476,75822,10230,7.233,14.3536,8.83,18,95,0,10,1,6,0.559484153011069,0.2490118577075099,0.7018758546762571,0.8725275249057924,0.22178444236176195,0.7155741388486762,0.5765719364395496,0.31546487678572865,0.547365479242367,43.73348713856724,59.1178942552867,-15.384407116719458,Strong Underperformer
Top Gun: Maverick,2022,1490212222,170000000,9908086,44,161746,26882,188628,10774,8.2,29.0298,9.875,114,237,1,10,3,4,0.8106028922749664,0.1422924901185771,0.7588059894345647,0.8774231775810586,0.2480318650421743,0.8859136446081977,0.5765719364395496,0.6309297535714573,0.6499980630780077,72.80663909264263,59.4022857210866,13.404353371556027,Overperformer
Barbie,2023,1444956839,145000000,75704,82,276634,33710,310344,10977,6.927,25.0083,3.2920353982300883,215,436,1,2,6,4,0.2507520720937735,0.2924901185770751,0.7899078791005211,0.8791869698227709,0.08268654983370793,0.9790451894332199,0.2641604167868594,0.8856218745807111,0.5464511021422934,43.474467796168746,59.09092417685335,-15.616456380684603,Strong Underperformer
Avengers: Age of Ultron,2015,1405403694,250000000,2950625,73,219737,27302,247039,24285,7.3,20.7453,4.445945945945946,8,52,0,38,4,6,0.6714708041821191,0.25691699604743085,0.7756572800755305,0.9542199435473802,0.1116694951746498,0.6210962351606106,0.8809003698103748,0.7324867603589634,0.645154596861471,71.43461059998278,58.44641097943216,12.988199620550617,Overperformer
Black Panther,2018,1350821664,200000000,4650432,69,418107,131702,549809,23365,7.362,15.2595,4.464285714285714,125,289,3,0,5,3,0.7237249059972226,0.24110671936758893,0.8256313482707416,0.950570567596217,0.11213013790333379,0.9107895832186529,0.0,0.8154648767857287,0.6128774393407451,62.29132812403462,58.05645270887115,4.234875415163472,As Expected
Harry Potter and the Deathly Hallows – Part 2,2011,1342025430,250000000,3131083,72,1316505,54527,1371032,21855,8.081,22.8262,8.760204081632653,49,96,0,27,3,7,0.6782890295261903,0.25296442687747034,0.8827093108510425,0.9442574103445638,0.22003136774859897,0.752954095050298,0.801225820342934,0.6309297535714573,0.6724359554689788,79.16271267699841,57.85447471129581,21.308237965702602,Strong Overperformer
Star Wars: The Last Jedi,2017,1332459537,200000000,2966270,57,289810,134918,424728,16234,6.755,40.4235,2.6451612903225805,0,0,0,13,4,5,0.6720782058538963,0.19367588932806323,0.8095075782935057,0.9161622358223707,0.0664389152583366,0.0,0.6345591536762674,0.7324867603589634,0.5506494522738806,44.663751615891314,57.880883790542754,-13.21713217465144,Underperformer
Aquaman,2018,1148161807,160000000,5054873,56,309509,37776,347285,14833,6.867,19.6144,6.205357142857143,3,36,0,0,4,6,0.7333032602181084,0.18972332015810278,0.7969330401775263,0.9076339170277341,0.15586089168563397,0.5573387110898962,0.0,0.7324867603589634,0.56035162011116,47.41212439649758,56.08944722536208,-8.677322828864497,Underperformer
Incredibles 2,2018,1242805359,200000000,2498264,52,459418,51977,511395,13607,7.451,12.6019,3.267857142857143,14,81,0,25,0,3,0.6523559416266977,0.17391304347826086,0.8211070405763985,0.899482042630465,0.08207926094524032,0.689609939723341,0.7834066196901821,0.0,0.5575416870873683,46.61614317174057,56.98735566879324,-10.371212497052674,Underperformer
The Fate of the Furious,2017,1236005118,250000000,3207116,50,103550,18621,122171,10761,6.856,8.2613,2.8225806451612905,2,16,0,9,0,2,0.681044846463758,0.1660079051383399,0.7316738171619231,0.877309095840333,0.07089518396468845,0.4448640423045896,0.5536546824812272,0.0,0.493816823698054,28.564540383125415,56.798800083007876,-28.23425969988246,Strong Underperformer
Frozen,2013,1290000000,150000000,4598666,24,264542,18251,282793,17491,7.248,20.2513,10.05232558139535,83,60,2,30,3,5,0.7224391958237599,0.06324110671936758,0.7841006893418603,0.923209437701555,0.25248577842679976,0.7508701146778002,0.8256993850644793,0.6309297535714573,0.64595153464927,71.66036242787914,57.61781407658563,14.042548351293505,Overperformer
Minions,2015,1159398499,74500000,3048813,64,64834,13401,78235,11052,6.42,7.1211,4.283783783783784,4,29,0,13,6,5,0.6752307353307121,0.22134387351778656,0.7038327980833008,0.879830378143343,0.10759644367891792,0.532784346595013,0.6345591536762674,0.8856218745807111,0.6019863137020065,59.206154402275345,56.61917822699931,2.5869761752760354,As Expected
Captain America: Civil War,2016,1153304495,250000000,3164725,64,259685,23851,283536,23906,7.447,20.2249,3.411764705882353,16,73,0,10,2,5,0.6795165471597804,0.22134387351778656,0.7842645939746242,0.9527335899323301,0.08569380892000661,0.6798590609988147,0.5765719364395496,0.5,0.5943764552077297,57.05047865014361,55.91042998753667,1.1400486626069366,As Expected
Beauty and the Beast (2017),2017,1263521126,160000000,3129033,54,246643,47089,293732,15962,6.968,13.9292,3.403225806451613,17,81,0,28,1,5,0.6782138040804773,0.18181818181818182,0.7864714220815584,0.9145655911301,0.08547933609456722,0.6942591121326752,0.8096634991879288,0.31546487678572865,0.5930621049473253,56.67815727409005,57.31758781970049,-0.6394305456104448,As Expected
Rogue One: A Star Wars Story,2016,1056057273,200000000,4390288,52,177603,25340,202943,16293,7.505,9.4389,5.014705882352941,24,85,0,6,1,5,0.7171130403961563,0.17391304347826086,0.7633752371147905,0.9165050349575982,0.12595512431776834,0.7101776301343986,0.4678924870096007,0.31546487678572865,0.5670884751705249,49.32050089364546,54.89861146488013,-5.578110571234674,Underperformer
Finding Dory,2016,1028551760,200000000,1778765,64,86085,18229,104314,12605,7.039,7.7441,2.838235294117647,17,48,0,14,0,3,0.6133411690899551,0.22134387351778656,0.7218032967231889,0.8922542778042754,0.07128838414466068,0.632998937178216,0.6511484326014197,0.0,0.5139322836872646,34.26272903858199,54.56007582676389,-20.297346788181905,Strong Underperformer
Iron Man 3,2013,1215439994,200000000,2350536,63,87281,15962,103243,23309,6.931,21.6009,4.011627906976744,20,63,0,10,1,7,0.6453550039724134,0.21739130434782605,0.7211586463229723,0.9503438148547204,0.10076066345546086,0.6694351914885097,0.5765719364395496,0.31546487678572865,0.5562995087962567,46.26426624472706,56.70174264030979,-10.437476395582728,Underperformer
Toy Story 4,2019,1074251311,200000000,3006879,74,476744,49708,526452,10449,7.466,14.6044,5.36,61,65,1,2,0,3,0.6736399824310055,0.2608695652173913,0.8229196626019138,0.8745289841761229,0.13462792877225868,0.7318897298295294,0.2641604167868594,0.0,0.5259195914848,37.658422765596946,55.117731049023945,-17.459308283427,Strong Underperformer
Doctor Strange in the Multiverse of Madness,2022,955841637,200000000,5108932,54,177852,38277,216129,10212,7.225,19.1796,5.0,10,31,0,9,4,4,0.7345250854963743,0.18181818181818182,0.7673074609998167,0.8723611205510945,0.12558575445173384,0.5647102306936961,0.5536546824812272,0.7324867603589634,0.603428182334728,59.61459842940866,53.61960434647784,5.994994082930816,Overperformer
Thor: Love and Thunder,2022,943139099,250000000,4885030,50,251395,36861,288256,8484,6.372,14.2384,4.90625,5,24,0,7,3,4,0.7293777048900003,0.1660079051383399,0.7852958933871546,0.8548446126831346,0.12323102155576382,0.5138739252495418,0.5,0.6309297535714573,0.5818234414752547,53.494535088298804,53.329814426189216,0.16472066210958758,As Expected
Ant-Man and the Wasp: Quantumania,2023,476471457,325000000,6438140,47,92407,32360,124767,5753,6.23,12.1827,4.429203539823009,0,14,0,6,1,5,0.7610860452785384,0.1541501976284585,0.7329872314755438,0.8181407011972877,0.11124897363379253,0.40914896445472815,0.4678924870096007,0.31546487678572865,0.526419275421776,37.79997027892834,44.43193480476083,-6.631964525832487,Underperformer
Shrek Forever After,2010,752374151,165000000,2000174,52,19014,8187,27201,7889,6.393,13.9148,4.283653846153846,1,13,0,30,2,8,0.6268157809222541,0.17391304347826086,0.6378414356025334,0.8479741680959814,0.10759318001586042,0.40914896445472815,0.8256993850644793,0.5,0.5393643174158885,41.466965290468,50.651024743711076,-9.184059453243073,Underperformer
Shrek the Third,2007,799101703,160000000,1697850,52,29654,7773,37427,9715,6.305,11.5553,2.528688524590164,5,17,0,28,1,9,0.6079937522858314,0.17391304347826086,0.6577760672491545,0.8676468024680255,0.06351345122681949,0.4737298485009811,0.8096634991879288,0.31546487678572865,0.5235471160717716,36.986361948140136,51.44025668198341,-14.453894733843278,Underperformer
Shrek 2,2004,919838758,70000000,2324803,59,150175,10405,160580,13339,7.31,16.9036,4.287313432835821,18,52,0,32,0,4,0.6440906318080866,0.2015810276679842,0.748750013293629,0.8976023773648955,0.10768509840674788,0.6440320259881459,0.8407323532264089,0.0,0.5477314172857614,43.83714790538977,53.683060617157,-9.845912711767227,Underperformer
Shrek,2001,487007353,60000000,5243867,99,389377,11572,400949,18601,7.759,26.3255,11.033582089552239,40,60,1,9,5,5,0.7375193127138031,0.35968379446640314,0.805908635361967,0.9290235427517778,0.27713214620431115,0.6972809364947596,0.5536546824812272,0.8154648767857287,0.6719095875335749,79.01360627825218,45.60721684495985,33.40638943329233,Strong Overperformer
Pirates of the Caribbean: Dead Men Tell No Tales,2017,794903993,250000000,4049529,54,147470,17097,164567,12726,6.653,11.1764,4.991935483870968,1,14,0,17,3,4,0.7078331302637584,0.18181818181818182,0.7502820108831978,0.8931570122041591,0.1253831967832633,0.4188998431792545,0.6949875002403854,0.6309297535714573,0.5861405770090614,54.71746773492985,51.13634817908775,3.5811195558421005,As Expected
Pirates of the Caribbean: On Stranger Tides,2011,1046808205,250000000,3116336,63,6395,6583,12978,14861,6.6,16.4911,8.010204081632653,3,31,0,18,0,6,0.6777467825656398,0.21739130434782605,0.5916193564055559,0.9078121213148493,0.20119350458083887,0.537163962855065,0.7079879189072642,0.0,0.5110281089948234,33.4400515907479,54.66759594634354,-21.22754435559564,Strong Underperformer
Pirates of the Caribbean: Dead Man's Chest,2006,1065659812,200000000,2665556,72,92658,6287,98945,17027,7.375,21.8297,5.72265625,45,54,1,18,1,9,0.6598006781296568,0.25296442687747034,0.7185025448202318,0.920668866955525,0.143736820524836,0.6957775790005379,0.7079879189072642,0.31546487678572865,0.5793206934951138,52.78557142773352,55.01472574304833,-2.2291543153148083,As Expected
Pirates of the Caribbean: The Curse of the Black Pearl,2003,654264015,140000000,3621398,73,98738,8426,107164,22077,7.8,21.8846,14.253731343283581,38,104,0,15,1,8,0.6949987862381122,0.25691699604743085,0.7234870340998215,0.9452124334247671,0.3580131208997188,0.7498172450400266,0.6666666666666667,0.31546487678572865,0.6129062979540206,62.29950302149494,48.94569309766226,13.353809923832685,Overperformer
Toy Story,1995,373554033,30000000,4243839,107,575959,21833,597792,19743,7.971,24.7185,9.044776119402986,29,24,0,36,2,4,0.7132162868105545,0.3913043478260869,0.8308579751015435,0.9346538542726912,0.22717900656044987,0.6026803680426321,0.868242227604825,0.5,0.6612208328130881,75.98575899452591,42.57213553052054,33.41362346400537,Strong Overperformer
Toy Story 2,1999,485460855,90000000,2083980,81,342847,21082,363929,14790,7.605,16.0255,18.152985074626866,21,27,0,12,4,3,0.6315301889647156,0.2885375494071146,0.7998572463588187,0.9073595901605789,0.45595126522961577,0.5880002682992193,0.6167399530235154,0.7324867603589634,0.6451850257126076,71.44323030514674,45.351689911167625,26.091540393979116,Strong Overperformer
Toy Story 3,2010,1066969541,200000000,2280084,78,204020,23563,227583,15624,7.804,15.5538,4.153846153846154,63,96,2,34,3,5,0.6418597324280384,0.2766798418972332,0.7705331540698247,0.9125431816657834,0.10433278062144043,0.7667886326795234,0.8548805028241611,0.6309297535714573,0.6370940466255326,69.1512655541425,55.030481895388704,14.120783658753794,Overperformer
Cars,2006,461983149,120000000,4858286,70,548054,22424,570478,15020,7.024,14.5714,9.890625,28,34,0,2,4,3,0.7287471629339715,0.24505928853754938,0.8279365618994409,0.9088177437879885,0.24842432052483598,0.6259704056481553,0.2641604167868594,0.7324867603589634,0.6138286385311177,62.560778210613186,44.56345873295217,17.997319477661016,Strong Overperformer
Cars 2,2011,559821087,200000000,1891231,55,265151,12566,277717,8423,6.176,13.8185,8.78061224489796,1,19,0,23,5,4,0.6203829877638665,0.18577075098814227,0.7829692765820278,0.854162789541916,0.2205439626647285,0.4599852698988825,0.7641604167868594,0.8154648767857287,0.6106792595358046,61.66864073662792,46.75702231460417,14.91161842202375,Overperformer
Cars 3,2017,383682457,175000000,1949017,44,201114,30157,231271,6343,6.9,16.1307,5.008064516129032,3,24,0,16,2,4,0.6238399077677896,0.1422924901185771,0.7715372988856314,0.8273651628845341,0.12578831212020436,0.5034500557392368,0.6812438068750566,0.5,0.5570894241044451,46.48802878609099,41.981349090718965,4.5066796953720285,As Expected
Monsters University,2013,743849673,200000000,1626055,57,207127,19078,226205,11250,7.046,8.3342,4.75,9,58,0,33,2,6,0.6030311862278095,0.19367588932806323,0.7701537795731936,0.8815082229383838,0.11930646672914715,0.6375093073898266,0.8479104735417233,0.5,0.5926280291529151,56.555194847745184,50.4029774293989,6.152217418346282,Overperformer
"Monsters, Inc.",2001,577646724,115000000,3020431,77,549438,11553,560991,19651,7.849,23.6671,34.22014925373134,15,38,1,13,0,2,0.6741564866393275,0.2727272727272727,0.8268890278414689,0.9342124927895806,0.8595126522961575,0.6026803680426321,0.6345591536762674,0.0,0.6305782968493503,67.30552245523498,47.452177398922686,19.853345056312293,Strong Overperformer
Up,2009,735099082,175000000,3742317,29,1200474,76382,1276856,21544,7.959,17.5638,39.25,81,88,2,20,4,6,0.6987712919836775,0.08300395256916995,0.8782640625391499,0.9429030755735339,0.9858481724461106,0.7759481753004683,0.7320529037964602,0.7324867603589634,0.7406313749090362,98.48070816981176,50.32189271497552,48.158815454836244,Strong Overperformer
WALL-E,2008,532681980,180000000,3177387,88,665605,33096,698701,0,0.0,0.055,4.719827586206897,96,95,1,18,2,5,0.6799751769433546,0.31620553359683795,0.8406013817956495,0.0,0.11854862165917979,0.7943349005181546,0.7079879189072642,0.5,0.5478230092159445,43.86309352620983,46.175369112679505,-2.3122755864696742,As Expected
Ratatouille,2007,623722953,150000000,4537754,79,715882,18126,734008,18356,7.839,19.0488,13.598360655737705,69,42,1,24,3,4,0.7209076621297847,0.28063241106719367,0.8436807573817999,0.9277706607334041,0.34155207645151875,0.7128999773288641,0.7739760316291208,0.6309297535714573,0.6796937749804729,81.21866490607641,48.295924193382376,32.922740712694036,Strong Overperformer
The Incredibles,2004,633026024,92000000,3576032,75,462762,40377,503139,18777,7.7,16.8344,5.067164179104478,70,56,2,38,5,4,0.6935508411832567,0.26482213438735175,0.8200903605068804,0.9299134290550867,0.1272727272727273,0.7318897298295294,0.8809003698103748,0.8154648767857287,0.6777545670521073,80.6693375417551,48.74472831058466,31.924609231170436,Strong Overperformer
A Bug's Life,1998,363398550,120000000,2382135,64,127081,9628,136709,9677,6.974,10.2206,26.186567164179106,14,21,0,29,3,6,0.6468887968150088,0.22134387351778656,0.7386969755813989,0.8672764845693831,0.6577319587628866,0.5414201930881729,0.8178150992680865,0.6309297535714573,0.6507688907570589,73.02499460320205,41.48441102070146,31.540583582500588,Strong Overperformer
Finding Nemo,2003,940335536,94000000,3235848,81,172130,11711,183841,20435,7.817,19.5463,13.708955223880597,49,63,1,26,3,7,0.6820692623616953,0.2885375494071146,0.757200278456388,0.9379091994788685,0.3443298969072165,0.7142429744525433,0.7924812503605781,0.6309297535714573,0.6586969705813946,75.27081421353236,53.80964509536835,21.46116911816401,Strong Overperformer
Coco,2017,807926220,175000000,4620509,27,312677,18847,331524,20836,8.197,20.2656,8.209677419354838,113,42,2,23,2,5,0.7229834657749672,0.07509881422924901,0.7940317881318899,0.9397455261553405,0.20620370650300812,0.7629634617447971,0.7641604167868594,0.5,0.6282202433232968,66.63754698471011,51.53368181838093,15.103865166329186,Strong Overperformer
Encanto,2021,779091396,75000000,4048546,92,360296,12976,373272,10143,7.57,13.8875,8.210526315789474,58,86,1,14,7,2,0.7078052456244877,0.3320158102766798,0.8014406622879312,0.8717205087725072,0.20622502836284715,0.75191569796214,0.6511484326014197,0.946394630357186,0.6777911924157617,80.67971255837361,51.516200898668785,29.163511659704824,Strong Overperformer
Mulan,1998,304320881,70000000,2766904,77,131077,7873,138950,10352,7.902,15.5776,5.865671641791045,17,21,0,15,2,8,0.664086778042837,0.2727272727272727,0.7397126361639078,0.8736477185009388,0.14732895970009371,0.5535135401551698,0.6666666666666667,0.5,0.5821482986163632,53.58655869984443,39.49396802950855,14.09259067033588,Overperformer
The Jungle Book,1967,900000000,4000000,1960906,61,70659,6657,77316,6633,7.278,11.3426,2.003731343283582,6,4,0,14,0,10,0.6245384161969225,0.20948616600790515,0.7030946989864042,0.8315891294335752,0.05032802249297095,0.36228884063412964,0.6511484326014197,0.0,0.47601068215366543,23.520521812329086,54.91913734571452,-31.39861553338543,Strong Underperformer
101 Dalmatians,1961,215888778,4000000,1689872,86,14665,7174,21839,6640,7.173,9.5687,28.171641791044777,0,0,0,0,0,8,0.6074527735103412,0.308300395256917,0.6241272285188311,0.8316887895735452,0.7075913776944704,0.0,0.0,0.0,0.43107405665832776,10.791140045798464,36.60568798519719,-25.81454793939873,Strong Underperformer
The Lion King (1994),1994,763455278,45000000,5876416,114,206489,23658,230147,0,,,2.925373134328358,43,35,2,18,0,8,0.7506003061923783,0.41897233201581024,0.7712329699435009,0.0,0.07347703842549204,0.660163191711948,0.7079879189072642,0.0,0.4904267033332273,27.60420711638185,51.52665547322965,-23.922448356847802,Strong Underperformer
The Little Mermaid,1989,210640166,40000000,3151380,82,97222,6919,104141,8364,7.4,12.3176,8.399253731343284,16,9,2,44,2,7,0.6790311880803312,0.2924901185770751,0.7216996149966817,0.853498607830947,0.21096532333645737,0.4922533652007107,0.9153088493882792,0.5,0.6065977870487496,60.51246532548795,35.0705601329127,25.44190519257525,Strong Overperformer
Beauty and the Beast (1991),1991,270400000,32000000,2824793,88,175334,18785,194119,10611,7.726,15.3992,3.4029850746268657,34,32,2,12,4,7,0.6664650482250738,0.31620553359683795,0.7605984090056672,0.8759827080172639,0.08547328959700094,0.6352709526485328,0.6167399530235154,0.7324867603589634,0.6116286111703597,61.93756745851062,38.39250323959928,23.545064218911342,Strong Overperformer
Aladdin,1992,504050219,28000000,2698063,95,97565,7783,105348,11947,7.653,18.4316,4.7611940298507465,36,22,2,0,1,5,0.6611929291307306,0.3438735177865613,0.72241942720279,0.8871882732284816,0.11958762886597939,0.6160595627143017,0.0,0.31546487678572865,0.5049398572048093,31.7154075955308,46.45206831450321,-14.73666071897241,Underperformer
Snow White and the Seven Dwarfs,1937,403000000,1500000,3861451,113,31588,15867,47455,7950,7.122,12.2399,37.798507462686565,13,6,0,9,0,9,0.7023707383353084,0.4150197628458498,0.6726044479219293,0.8487019601839925,0.9493908153701968,0.45261375029508255,0.5536546824812272,0.0,0.5969331343690824,57.7747196170753,45.131921131025535,12.642798486049763,Overperformer
Cinderella,1950,269000000,3000000,1434734,93,35204,13450,48654,7106,7.0,12.9219,6.902985074626866,6,9,0,16,1,8,0.5886535015703154,0.3359683794466403,0.674163071060661,0.8380975013873632,0.1733833177132146,0.4188998431792545,0.6812438068750566,0.31546487678572865,0.528869087064921,38.49393844671878,39.57950067395046,-1.0855622272316836,As Expected
Sleeping Beauty,1959,170000000,4000000,1836599,79,3662935,159737,3822672,0,,,0.0,3,5,0,14,3,49,0.6170162036069753,0.28063241106719367,0.9467608623733619,0.0,0.0,0.3319702714985457,0.6511484326014197,0.6309297535714573,0.5022235000699291,30.94593399570038,33.54028051452275,-2.5943465188223698,As Expected
Tangled,2010,591794936,260000000,13912,80,184259,12621,196880,12303,7.61,18.4449,10.903846153846153,10,42,0,28,2,6,0.05617928841331454,0.2845849802371541,0.761480611452587,0.8899628169788638,0.2738735491312811,0.5998562450399421,0.8096634991879288,0.5,0.4993260890306973,30.125172515585042,47.33057565047477,-17.20540313488973,Strong Underperformer
Wreck-It Ralph,2012,471222889,165000000,1962838,66,74622,7535,82157,13003,7.355,14.7413,12.858695652173912,33,42,0,17,3,6,0.6246515258534941,0.22924901185770752,0.7068882717945328,0.8951917002062324,0.3229737989486981,0.6543139638942169,0.6949875002403854,0.6309297535714573,0.6090725324014752,61.213496567209916,44.64883864388614,16.56465792332378,Strong Overperformer
Big Hero 6,2014,657463394,165000000,2622650,75,55647,12549,68196,16482,7.724,22.7551,4.51875,17,58,1,33,0,6,0.6579368217600741,0.26482213438735175,0.6952544080626644,0.9175948564258298,0.11349812558575445,0.6543139638942169,0.8479104735417233,0.0,0.5504522013480353,44.60787553905623,48.92125701318915,-4.3133814741329175,As Expected
Moana,2016,643331588,250000000,6342631,16,386658,24862,411520,13666,7.565,3.73,7.720588235294118,22,90,0,11,3,3,0.7593693679425721,0.03162055335968379,0.807534203632095,0.8998908755629859,0.19391917966811842,0.7142429744525433,0.5974937501201928,0.6309297535714573,0.6201904229884316,64.36290692368117,48.42247342469125,15.940433498989918,Strong Overperformer
Zootopia,2016,1023784195,150000000,4974946,88,299507,22335,321842,17959,7.759,23.6918,6.382352941176471,49,75,1,32,4,4,0.731472620267041,0.31620553359683795,0.7921803401650968,0.9257045395852104,0.1603065218589779,0.729491486116366,0.8407323532264089,0.7324867603589634,0.675223311560704,79.95229844183329,54.65282895036731,25.299469491465985,Strong Overperformer
Raya and the Last Dragon,2021,132248351,100000000,2183169,55,14874,13475,28349,7232,7.801,11.9174,6.342105263157895,13,62,0,7,0,5,0.6368708762665447,0.18577075098814227,0.6404235562112144,0.8397581988149195,0.15929561485719923,0.6543139638942169,0.5,0.0,0.4893727393509996,27.3056464267426,28.614330831787868,-1.3086844050452662,As Expected
Turning Red,2022,479263394,175000000,2934858,59,408984,34438,443422,5742,7.318,26.1876,4.890625,9,92,0,34,2,6,0.6708553988398904,0.2015810276679842,0.8121981595129091,0.8179598729684217,0.12283856607310216,0.6987694823442857,0.8548805028241611,0.5,0.6162136568583555,63.2363921106986,44.83471381766887,18.401678293029732,Strong Overperformer
Lightyear,2022,226437552,200000000,2212058,49,82186,8461,90647,3755,6.879,8.3245,4.796875,2,22,0,8,5,5,0.6383807848990413,0.16205533596837945,0.7130311396111213,0.7778329631216455,0.12048383317713214,0.4863276574109106,0.5283208335737188,0.8154648767857287,0.559330934905784,47.122990722140365,35.14591397394156,11.977076748198805,Overperformer
Elemental,2023,495771956,175000000,10560193,24,145011,39328,184339,5241,7.578,13.9801,5.075221238938053,3,69,0,12,6,3,0.8179240187265511,0.06324110671936758,0.7573692601101388,0.8093341203672264,0.12747509766029974,0.6482291342554843,0.6167399530235154,0.8856218745807111,0.6301227844279985,67.17648758786639,45.26913845075873,21.90734913710766,Strong Overperformer
Wish,2023,261929843,250000000,16102,30,210668,55943,266611,1763,6.22,8.9407,8.473451327433628,1,22,0,4,4,4,0.07296953690856389,0.08695652173913043,0.7804199341539804,0.7064132761574705,0.21282895555315953,0.48016001813371373,0.3869880158145604,0.7324867603589634,0.4312612489882086,10.844166782998975,36.89557301999923,-26.051406237000258,Strong Underperformer
Madagascar 3,2012,746921139,135000000,1182350,52,4760,10246,15006,6516,6.63,10.1193,5.228260869565218,3,20,0,10,1,5,0.5664312007720329,0.17391304347826086,0.6006884010269467,0.8299076309311042,0.13131901715496516,0.48016001813371373,0.5765719364395496,0.31546487678572865,0.48415757265212817,25.828324817603978,50.66398485559367,-24.83566003798969,Strong Underperformer
Kung Fu Panda 3,2016,521665856,145000000,2084198,46,57724,4996,62720,6533,6.921,11.4114,5.8088235294117645,1,10,0,27,0,6,0.6315422034021778,0.150197628458498,0.6900257523643619,0.83015381691273,0.14590109708363194,0.3754350573389001,0.801225820342934,0.0,0.4946049331669774,28.787791377011995,46.021809151831775,-17.23401777481978,Strong Underperformer
Rise of the Guardians,2012,306066279,145000000,1533234,42,110466,21147,131613,7103,7.372,11.6876,8.130434782608695,14,32,0,27,1,9,0.5962800785716875,0.13438735177865613,0.7363239925927458,0.8380576030715172,0.20421335723890632,0.5817040997232494,0.801225820342934,0.31546487678572865,0.5540261251269858,45.620275550967726,39.181668418124474,6.438607132843252,Overperformer
The Croods,2013,587204057,135000000,1483403,58,6467,11836,18303,7490,6.934,9.44,9.668604651162791,5,46,0,16,0,8,0.5924851012924999,0.19762845849802368,0.613094293009849,0.8430702443062572,0.24284780192236438,0.5969783259955244,0.6812438068750566,0.0,0.4972927426201924,29.54917815825158,47.577766723133294,-18.028588564881716,Strong Underperformer
The Croods: A New Age,2020,469891341,140000000,990410,42,4523,9650,14173,4110,7.444,7.7959,6.943181818181818,0,31,0,2,0,3,0.5460851416713717,0.13438735177865613,0.597121136310081,0.7863673472814637,0.17439294538638495,0.5236248039740681,0.2641604167868594,0.0,0.4169345421170338,6.785781908520949,44.69955126657189,-37.91376935805094,Strong Underperformer
Megamind,2010,468683387,130000000,2400400,46,215297,9410,224707,7414,7.022,12.1184,3.8701923076923075,2,16,0,27,4,4,0.6477661144555762,0.150197628458498,0.7697387374342817,0.8421066057217836,0.09720820416696704,0.4448640423045896,0.801225820342934,0.7324867603589634,0.5903098765133452,55.89852226459278,44.70577838356397,11.192743881028811,Overperformer
Trolls,2016,344587573,125000000,2037555,41,35962,12632,48594,3792,6.628,9.7834,7.470588235294118,4,37,0,0,0,6,0.6289425451837858,0.13043478260869562,0.674085992393465,0.7787593101628025,0.18763989194553174,0.5647102306936961,0.0,0.0,0.42676012905652283,9.569116123191135,40.78096746897964,-31.211851345788503,Strong Underperformer
Trolls World Tour,2020,380616879,80000000,1406280,36,13164,10810,23974,2257,7.239,9.2488,5.193181818181818,4,21,0,5,0,6,0.5863527083870981,0.11067193675889327,0.6299533207742652,0.7297446942050441,0.1304379313282781,0.4922533652007107,0.43082708345352605,0.0,0.4326547069269179,11.238897314762507,42.29297978770782,-31.054082472945314,Strong Underperformer
Kung Fu Panda,2008,631744560,130000000,3934483,26,114526,11054,125580,12536,7.318,17.2906,10.508620689655173,15,39,0,28,0,5,0.7045227818387283,0.07114624505928853,0.7333929442779945,0.8917356079250478,0.26394661151148885,0.605452669339585,0.8096634991879288,0.0,0.5517776085256785,44.98332905329643,48.535633107328664,-3.552304054032234,As Expected
Kung Fu Panda 2,2011,665527395,150000000,1686203,50,57578,4621,62199,7820,7.059,12.0018,5.76530612244898,5,47,0,24,1,6,0.6072031250154708,0.1660079051383399,0.6895047048958605,0.8471441147651142,0.14480806380659106,0.5998562450399421,0.7739760316291208,0.31546487678572865,0.54406728969875,42.79919549169142,49.12811229974105,-6.328916808049627,Underperformer
How to Train Your Dragon,2010,494878759,165000000,2045226,19,55077,10823,65900,14263,7.857,15.2468,8.110576923076923,25,63,0,35,0,8,0.6293741533057191,0.043478260869565216,0.6931151433467395,0.9039311599738633,0.20371458438468748,0.6781709296756199,0.8616541669070521,0.0,0.5335927695115705,39.832035300776056,45.27716745536864,-5.445132154592585,Underperformer
How to Train Your Dragon 2,2014,618876695,145000000,1798076,47,64048,13690,77738,10353,7.679,12.3611,4.55,15,61,0,24,0,4,0.6145813999063625,0.1541501976284585,0.7034347134942023,0.8736568457680225,0.11428303655107779,0.6562889747837393,0.7739760316291208,0.0,0.5208387313161549,36.21914671680342,48.21381760673589,-11.994670889932465,Underperformer
How to Train Your Dragon 3,2019,521616256,150000000,2286763,46,67605,16258,83863,10353,7.679,12.3611,8.17,0,0,0,0,0,3,0.6421956931559021,0.150197628458498,0.7081720830325692,0.8736568457680225,0.20520712277413308,0.0,0.0,0.0,0.3929797149377597,0.0,46.00263576279892,-46.00263576279892,Strong Underperformer
Madagascar,2005,532692000,75000000,2226422,261,82928,11600,94528,11648,6.921,16.9581,8.5,4,32,0,45,3,9,0.6391242076748991,1.0,0.7156498815294096,0.8847933280167807,0.21349578256794752,0.5455597994779017,0.9205936593428355,0.6309297535714573,0.6904920501385541,84.2775364922733,46.6392430666246,37.6382934256487,Strong Overperformer
Madagascar 2,2008,604200000,75000000,1012635,67,12750,10860,23610,7377,6.523,11.5642,5.767241379310345,0,0,0,35,0,2,0.5486340948947428,0.23320158102766797,0.6289976613322462,0.8416338853541382,0.14485667194518956,0.0,0.8616541669070521,0.0,0.4436609817688026,14.35668982244087,48.25506377200446,-33.89837394956359,Strong Underperformer
Despicable Me,2010,543368506,69000000,1925692,68,57076,11578,68654,15979,7.257,19.3184,5.8125,3,41,0,22,3,5,0.6224570389133053,0.23715415019762848,0.6956725160379499,0.9146661756629356,0.14599343955014057,0.575134100204001,0.7539269926761688,0.6309297535714573,0.5894063721764843,55.642582894316476,46.93796083422106,8.704622060095417,Overperformer
Despicable Me 2,2013,970761885,76000000,1415510,60,14379,14244,28623,11939,6.944,12.8887,3.7790697674418605,12,66,0,31,1,2,0.5871041092069711,0.20553359683794464,0.6410243835708944,0.8871249784105244,0.09491946557398487,0.660163191711948,0.8333333333333334,0.31546487678572865,0.5452796428209195,43.14262372106619,54.33070981417876,-11.188086093112574,Underperformer
Despicable Me 3,2017,1034799409,80000000,1880808,56,51591,16242,67833,7598,6.5,9.1477,3.7338709677419355,0,33,0,23,0,4,0.6197482258644249,0.18972332015810278,0.6949210259716723,0.8444229392712939,0.0937842005018593,0.532784346595013,0.7641604167868594,0.0,0.5054213726985323,31.851808459604047,55.12301059978924,-23.271202140185192,Strong Underperformer
The Secret Life of Pets,2016,875457937,75000000,1452172,53,111185,29326,140511,8471,6.316,3.6797,4.044117647058823,4,15,0,18,0,4,0.590041095604195,0.17786561264822132,0.7404104757533136,0.854699718030014,0.1015767131594906,0.45261375029508255,0.7079879189072642,0.0,0.4955646855755091,29.059664368694804,53.01216927412827,-23.952504905433464,Strong Underperformer
Sing,2016,633065556,75000000,2275929,54,74896,20645,95541,8391,7.122,10.7832,10.544117647058824,3,25,0,12,1,8,0.6416502346525641,0.18181818181818182,0.7163157220155647,0.8538031348368932,0.26483819394674457,0.5087518692566847,0.6167399530235154,0.31546487678572865,0.5457348123004007,43.271561441887954,48.85372326368923,-5.582161821801279,Underperformer
Sing 2,2021,374065313,85000000,2359834,48,66855,19722,86577,4734,7.833,12.1084,9.907894736842104,2,21,0,22,0,2,0.6458084528296448,0.15810276679841895,0.7101615761086176,0.7997215356001511,0.2488580871109357,0.48016001813371373,0.7539269926761688,0.0,0.5152709458195913,34.64193733806928,42.03814546945401,-7.396208131384725,Underperformer
The Secret Life of Pets 2,2019,431118094,80000000,1076554,46,8283746,680482,8964228,0,,,0.0,0,11,0,11,4,42,0.5556645073029836,0.150197628458498,1.0,0.0,0.0,0.3754350573389001,0.5974937501201928,0.7324867603589634,0.4966942210882521,29.37963251499123,43.891186272639715,-14.511553757648485,Underperformer
Hop,2011,340275694,65000000,812271,48,65728,16101,81829,1379,5.791,6.4876,6.26530612244898,0,2,0,12,2,9,0.5233104383169245,0.15810276679841895,0.7066383898628316,0.6832136891368424,0.15736663925176445,0.16598513574927284,0.6167399530235154,0.5,0.47413058403193264,22.987938724785995,40.96574554749216,-17.977806822706167,Strong Underperformer
Horton Hears a Who!,2008,459323305,85000000,1259747,49,259153,19505,278658,0,,,0.43103448275862066,1,18,0,23,3,63,0.5737140235887543,0.16205533596837945,0.7831805736010383,0.0,0.010826358142390847,0.45261375029508255,0.7641604167868594,0.6309297535714573,0.47343748091437554,22.79160056877845,44.67201097345668,-21.88041040467823,Strong Underperformer
Ice Age,2002,383257136,59000000,1902402,11,48200,9835,58035,14193,7.37,17.1986,11.936567164179104,5,30,0,16,0,8,0.62105943071597,0.011857707509881424,0.6851763544264369,0.9034662675345797,0.29981255857544514,0.5414201930881729,0.6812438068750566,0.0,0.505027210386795,31.740152488805727,42.542908690141104,-10.802756201335377,Underperformer
Ice Age: The Meltdown,2006,655664329,60000000,836660,60,5137,3929,9066,10288,6.716,11.9353,2.2734375,8,16,0,28,0,10,0.5267083811609841,0.20553359683794464,0.5692134122539364,0.8730617321043712,0.057102272727272724,0.4863276574109106,0.8096634991879288,0.0,0.4623532345098269,19.65172073751622,49.42183293712202,-29.770112199605798,Strong Underperformer
Ice Age: Dawn of the Dinosaurs,2009,886686817,90000000,894169,64,2390,9886,12276,8812,6.763,12.8512,4.6454545454545455,3,13,0,18,0,4,0.5343438280010486,0.22134387351778656,0.5881459394137916,0.8584287773246274,0.11668058277242907,0.4280593858001993,0.7079879189072642,0.0,0.4577480073151987,18.347179187369946,53.07910261407517,-34.73192342670522,Strong Underperformer
Ice Age: Continental Drift,2012,877244008,95000000,1063225,54,4479,9749,14228,8058,6.383,14.2393,4.0978260869565215,2,11,0,25,1,8,0.554233548038042,0.18181818181818182,0.5973630561684043,0.8499769213405245,0.1029257161484862,0.39872509494442326,0.7834066196901821,0.31546487678572865,0.49355106191404197,28.489256955178767,52.91312615566309,-24.423869200484326,Strong Underperformer
Ice Age: Collision Course,2016,408619881,65000000,1240774,46,19658,12170,31828,4849,6.112,8.996,3.8161764705882355,2,0,0,26,0,5,0.5719709854080799,0.150197628458498,0.6476540254539646,0.8019892298853655,0.09585148023595567,0.16598513574927284,0.7924812503605781,0.0,0.4445754746413759,14.615741960189066,43.313617468454225,-28.69787550826516,Strong Underperformer
Rio,2011,484606190,90000000,1714582,36,50517,13881,64398,7127,6.761,12.0292,7.510204081632653,3,31,0,29,2,8,0.6091201207650649,0.11067193675889327,0.6916749617567003,0.838376318920605,0.1886349291356655,0.537163962855065,0.8178150992680865,0.5,0.5594252411981846,47.149705251451834,45.32908627358785,1.8206189778639867,As Expected
Rio 2,2014,500456880,103000000,854970,44,22143,12474,34617,3727,6.5,8.9524,3.925,2,24,0,24,0,1,0.5291949061368826,0.1422924901185771,0.6529009023274392,0.7771258576121068,0.09858481724461106,0.49795540724781856,0.7739760316291208,0.0,0.46541262207808787,20.518365971751983,45.67049813138732,-25.152132159635336,Strong Underperformer
Rango,2011,245155451,135000000,1993902,15,222145,10038,232183,7027,6.891,12.6504,4.75,46,25,1,30,1,9,0.6264550500787565,0.02766798418972332,0.7717831427596149,0.8370411856678969,0.11930646672914715,0.6461451538829865,0.8256993850644793,0.31546487678572865,0.5567801437996704,46.4004176887078,36.37289300871305,10.027524679994748,Overperformer
The Book of Life,2014,95454857,50000000,1315865,32,153472,31127,184599,2909,7.53,8.1636,9.98125,3,29,0,14,0,8,0.5787199395904032,0.09486166007905138,0.7574573021664531,0.7537166376979038,0.2507005623242736,0.5282739763834025,0.6511484326014197,0.0,0.49510557525997645,28.92961031112047,24.799167042190646,4.130443268929824,As Expected
Curious George,2006,267575760,60000000,560157,26,18903,1734,20637,552,6.514,5.7313,2.79296875,0,1,0,12,3,6,0.48062711199384744,0.07114624505928853,0.6205910932942615,0.5967960242044675,0.0701514175257732,0.10472496079481362,0.6167399530235154,0.6309297535714573,0.4292924764755534,10.286464537919638,37.924915899278375,-27.638451361358737,Strong Underperformer
Charlotte's Web,2006,188895949,75000000,604179,81,6776,6297,13073,1447,6.231,6.8824,16.41796875,10,11,0,12,0,9,0.48931653978807144,0.2885375494071146,0.5920749108537825,0.6877590793255596,0.4123725984067479,0.4670138014289433,0.6167399530235154,0.0,0.4635205882875589,19.982401818473082,33.340001519904035,-13.357599701430953,Underperformer
Stuart Little,1999,140475849,80000000,535107,11,109269,8712,117981,4619,6.068,8.3548,39.8134328358209,7,14,0,29,0,10,0.4753722988356235,0.011857707509881424,0.7294938960777033,0.7973980827252408,1.0,0.4670138014289433,0.8178150992680865,0.0,0.5503817080758806,44.587906621423066,29.506715800014206,15.08119082140886,Strong Overperformer
Bumblebee,2018,468261530,135000000,3268193,102,87363,25362,112725,6573,6.719,9.3571,6.044642857142857,2,13,0,5,0,4,0.6832116690695194,0.37154150197628455,0.7266472048950797,0.8307305605990712,0.15182420672111394,0.4188998431792545,0.43082708345352605,0.0,0.5023540943858449,30.98292798190887,44.674240360091375,-13.691312378182506,Underperformer
Transformers,2007,709709780,150000000,15653,43,213081,12230,225311,12111,6.821,4.308,5.622950819672131,25,50,0,1,6,5,0.06972143814943177,0.13833992094861658,0.7699064161291763,0.888476561026778,0.14123250418670397,0.6543139638942169,0.16666666666666669,0.8856218745807111,0.45539071998609093,17.679420760588837,49.95263970139288,-32.27321894080404,Strong Underperformer
Transformers: Revenge of the Fallen,2009,836848151,200000000,2422409,54,53864,6463,60327,9092,6.209,4.0591,3.8454545454545452,15,30,0,23,3,6,0.6488144407886527,0.18181818181818182,0.6875958329497814,0.8613844259000463,0.09658686206015166,0.5784548092957947,0.7641604167868594,0.6309297535714573,0.578615499690936,52.585808293456694,51.91414590561067,0.6716623878460268,As Expected
Transformers: Dark of the Moon,2011,1123646428,200000000,2728519,57,32463,10087,42550,8876,6.223,2.8555,3.7448979591836733,11,42,0,22,1,9,0.662482200404725,0.19367588932806323,0.6657894504161678,0.8591125503722933,0.09406116710976799,0.6026803680426321,0.7539269926761688,0.31546487678572865,0.547546514595644,43.78476976381334,55.6944095011892,-11.909639737375862,Underperformer
Transformers: Age of Extinction,2014,1104054072,210000000,3099750,47,19890,11712,31602,8684,5.958,10.8483,3.61875,5,23,0,40,4,7,0.6771338411737748,0.1541501976284585,0.6472089082575214,0.8570462069508631,0.09089268978444236,0.5087518692566847,0.892925334103014,0.7324867603589634,0.588493855694502,55.384090616817595,55.442926410556964,-0.058835793739369535,As Expected
Transformers: The Last Knight,2017,762682157,217000000,3787262,43,49739,17394,67133,6653,6.05,8.9736,4.919354838709677,3,21,0,10,2,5,0.7001425183198084,0.13833992094861658,0.6942730727961435,0.831873594307254,0.12356017776702843,0.4863276574109106,0.5765719364395496,0.5,0.5445504469105263,42.936061411954896,50.6805014537515,-7.744440041796608,Underperformer
Guardians of the Galaxy,2014,773638383,170000000,6103892,66,237224,28238,265462,29550,7.905,10.3347,8.375,52,103,0,3,3,3,0.7549625821842991,0.22924901185770752,0.7801501475688373,0.9727623353970809,0.21035613870665418,0.7629634617447971,0.33333333333333337,0.6309297535714573,0.6209819494117305,64.58712585221447,50.99273796623589,13.594387885978577,Overperformer
Guardians of the Galaxy Vol. 2,2017,863756034,200000000,2938948,59,151057,22258,173315,22807,7.609,16.9872,2.9193548387096775,15,60,0,32,1,5,0.6710153535541485,0.2015810276679842,0.7535172822598115,0.9482864640636492,0.07332587598633492,0.6543139638942169,0.8407323532264089,0.31546487678572865,0.5882769833252243,55.32265629341842,52.320118379845894,3.0025379135725245,As Expected
Guardians of the Galaxy Vol. 3,2023,845289623,250000000,19321047,49,106816,28842,135658,8184,7.924,17.7192,4.300884955752212,12,96,0,18,1,5,0.8873104758492858,0.16205533596837945,0.7382148949354833,0.8514429559289104,0.10802597639565069,0.7087978380643357,0.7079879189072642,0.31546487678572865,0.6104825643619807,61.61292208994185,51.92472218825168,9.688199901690169,Overperformer
Thor,2011,449326618,150000000,8530,101,234841,9139,243980,22227,6.769,14.1397,8.73469387755102,5,30,0,2,2,4,0.0,0.3675889328063241,0.7748789612588136,0.9458522983689756,0.21939062410343707,0.5414201930881729,0.2641604167868594,0.5,0.4388170387671396,12.98452626890747,44.0889491077576,-31.10442283885013,Strong Underperformer
Thor: The Dark World,2013,644571402,170000000,1684005,62,31610,12547,44157,18231,6.51,12.0279,5.6104651162790695,4,21,0,25,0,5,0.6070533069450317,0.2134387351778656,0.6681051058185055,0.9271249781011773,0.1409188988906083,0.4922533652007107,0.7834066196901821,0.0,0.5107459422587619,33.360121064911795,48.65141117021312,-15.291290105301329,Strong Underperformer
Thor: Ragnarok,2017,854461807,180000000,2466238,63,356335,32560,388895,21888,7.581,15.7336,3.9516129032258065,6,50,0,32,2,4,0.6508740164668292,0.21739130434782605,0.804001879963058,0.9443999853982109,0.09925325755056384,0.6108491780538625,0.8407323532264089,0.5,0.6122377871436648,62.11013122897005,52.23713656503077,9.87299466393928,Overperformer
Iron Man,2008,585366247,140000000,3865369,78,518389,22832,541221,27966,7.657,26.046,9.181034482758621,24,73,0,12,3,5,0.7024872198404308,0.2766798418972332,0.8246479351057612,0.967556155511221,0.23060142843292505,0.692725229094033,0.6167399530235154,0.6309297535714573,0.646950267142277,71.94327746758198,47.518295949875466,24.424981517706513,Strong Overperformer
Iron Man 2,2010,623933331,200000000,2319742,67,86164,9095,95259,22252,6.851,28.4579,4.673076923076923,7,45,0,11,6,5,0.6438403169899543,0.23320158102766797,0.7161310763986889,0.9459585225654049,0.11737437819912047,0.5998562450399421,0.5974937501201928,0.8856218745807111,0.6099449138310326,61.46061962419203,48.14789891762905,13.312720706562978,Overperformer
Captain America: The First Avenger,2011,370569774,140000000,2880000,72,228528,8929,237457,22612,7.005,8.9436,15.275510204081632,4,50,0,15,4,5,0.6686881588554263,0.25296442687747034,0.7731861630594172,0.9474750574741191,0.3836772947229501,0.605452669339585,0.6666666666666667,0.7324867603589634,0.6472471519269442,72.02737723526691,41.65345219360057,30.37392504166634,Strong Overperformer
Captain America: The Winter Soldier,2014,714766305,170000000,2433370,64,124675,15943,140618,19880,7.653,9.0801,5.625,5,52,0,15,4,5,0.6493329843385691,0.22134387351778656,0.7404580254293327,0.9353073021698222,0.14128397375820057,0.6134768300514982,0.6666666666666667,0.7324867603589634,0.6090147426058742,61.1971262153576,49.97742710978025,11.219699105577348,Overperformer
Ant-Man,2015,519311965,130000000,2512274,65,217240,31004,248244,20764,7.066,11.6493,6.702702702702703,4,34,0,20,3,7,0.6529982567478283,0.225296442687747,0.7759612322323542,0.939418429078758,0.16835279515691887,0.5535135401551698,0.7320529037964602,0.6309297535714573,0.6107482842406877,61.68819364720128,46.0216255729251,15.666568074276178,Strong Overperformer
Ant-Man and the Wasp,2018,622706314,195000000,1645438,57,158842,32974,191816,14094,6.9,9.0996,3.9375,2,21,0,4,0,5,0.604392233562004,0.19367588932806323,0.7598528960806434,0.9028048475479605,0.0988987816307404,0.48016001813371373,0.3869880158145604,0.0,0.47910178117403335,24.396150079353585,48.13605489085913,-23.739904811505543,Strong Underperformer
Black Widow,2021,379826451,200000000,4169299,55,256592,51915,308507,11143,7.2,14.7265,6.5131578947368425,14,37,0,7,3,3,0.7111809511149088,0.18577075098814227,0.7895370315351053,0.8806052100312912,0.16359196961475855,0.5969783259955244,0.5,0.6309297535714573,0.5959311975501203,57.49089687484836,41.78106118918794,15.709835685660423,Strong Overperformer
Captain Marvel,2019,1128274794,175000000,3329578,59,299870,147669,447539,16646,6.784,11.0327,5.46,10,57,0,12,0,3,0.6853489953954279,0.2015810276679842,0.812775453175658,0.9185304428295573,0.13713964386129335,0.6375093073898266,0.6167399530235154,0.0,0.5507749271914348,44.69929540917943,55.817855519384494,-11.118560110205067,Underperformer
Spider-Man: Homecoming,2017,880166924,175000000,3880487,69,360344,33634,393978,23032,7.331,27.8691,7.201612903225806,8,11,0,10,2,6,0.7029355714920713,0.24110671936758893,0.8048130395188533,0.9492141262732032,0.18088399794419083,0.45261375029508255,0.5765719364395496,0.5,0.5915887752341465,56.26080113796961,52.63227005470176,3.628531083267845,As Expected
Spider-Man: Far From Home,2019,1131927996,160000000,3290561,64,473797,48338,522135,16838,7.396,22.8942,9.91,11,26,0,9,3,5,0.6839951001118916,0.22134387351778656,0.822405320937652,0.9196141218293077,0.24891096532333645,0.5495890030994032,0.5536546824812272,0.6309297535714573,0.6136843241921605,62.519897697340966,55.906780296587016,6.61311740075395,Overperformer
The Amazing Spider-Man,2012,758225437,230000000,247931,24,95259,17839,113098,18393,6.7,20.0317,10.228260869565217,2,33,0,12,3,7,0.38700998122318975,0.06324110671936758,0.7268535573827299,0.9279609396422444,0.256904771606699,0.5414201930881729,0.6167399530235154,0.6309297535714573,0.5264923794863295,37.820678766406644,50.574510105102604,-12.75383133869596,Underperformer
The Amazing Spider-Man 2,2014,709037765,255000000,2657264,61,154554,21867,176421,14122,6.532,23.3886,10.21875,4,30,0,9,5,4,0.6594428198135112,0.20948616600790515,0.7546268211988842,0.9029923858100188,0.256665885660731,0.537163962855065,0.5536546824812272,0.8154648767857287,0.6103567241625467,61.57727482176107,49.659476140256714,11.917798681504358,Overperformer
Spider-Man 3,2007,891871626,258000000,3071425,61,164969,16935,181904,15101,6.454,21.5006,8.89344262295082,4,44,0,36,1,9,0.6760794582153269,0.20948616600790515,0.7565386328857139,0.9093259568067856,0.22337794029529706,0.5880002682992193,0.868242227604825,0.31546487678572865,0.5979133618001843,58.052392652177076,52.596164264056,5.456228388121076,Overperformer
Spider-Man 2,2004,784009778,200000000,3030267,62,160591,12895,173486,16227,7.303,11.2961,5.768656716417911,25,60,1,26,2,6,0.6745299144809627,0.2134387351778656,0.753578882981597,0.9161214820948659,0.144892221180881,0.6729903244932698,0.7924812503605781,0.5,0.609614160823258,61.366925866372426,51.077498529241495,10.289427337130931,Overperformer
Spider-Man,2002,822103006,139000000,3974974,113,746386,18214,764600,20517,7.324,24.2326,10.380597014925373,17,65,0,30,2,5,0.7056987861935395,0.4150197628458498,0.8462314145055511,0.9382876211934109,0.26073102155576383,0.6676257545131977,0.8256993850644793,0.5,0.6711223946570885,78.79061493125555,51.878790959809095,26.911823971446452,Strong Overperformer
Venom,2018,856024408,100000000,3914036,39,289203,30260,319463,17137,6.825,15.2033,7.232142857142857,2,9,0,19,4,4,0.7039243204066965,0.1225296442687747,0.79171689009221,0.921277363325098,0.18165082340340072,0.3754350573389001,0.7203213491478937,0.7324867603589634,0.6044983418840845,59.9177469036142,52.57185549549078,7.345891408123421,Overperformer
Venom: Let There Be Carnage,2021,502122430,200000000,3702052,46,126129,18060,144189,11101,6.7,14.0206,3.8947368421052633,1,6,0,7,3,5,0.6975287892797986,0.150197628458498,0.7420245290457651,0.8802483845865191,0.09782469294135057,0.31417488238444086,0.5,0.6309297535714573,0.5452481978593394,43.133716178139366,45.36169451487416,-2.227978336734793,As Expected
X-Men Origins: Wolverine,2009,373062864,150000000,2910553,52,61550,8800,70350,11172,6.286,1.1392,5.372727272727273,3,21,0,17,3,7,0.6699002383718264,0.17391304347826086,0.6971968718603366,0.8808508055121491,0.1349476016017722,0.4863276574109106,0.6949875002403854,0.6309297535714573,0.5736150582279262,51.16931278044932,41.702928014905666,9.466384765543651,Overperformer
The Wolverine,2013,414031218,120000000,2606789,49,39738,12012,51750,10220,6.431,1.8668,10.55232558139535,2,11,0,15,1,8,0.6572400828867919,0.16205533596837945,0.6780165366407535,0.8724351142200818,0.26504435387197317,0.39872509494442326,0.6666666666666667,0.31546487678572865,0.5350904681512344,40.25629452240971,43.157692024595235,-2.9013975021855245,As Expected
Logan,2017,619021436,97000000,4325257,54,212072,44724,256796,20287,7.819,14.461,3.2903225806451615,28,82,0,20,2,7,0.7153989755206696,0.18181818181818182,0.7780769328423853,0.9372223348680343,0.08264352873597969,0.7115449352271744,0.7320529037964602,0.5,0.6132233701171941,62.38932135048791,48.42972149484149,13.959599855646424,Overperformer
X-Men: Days of Future Past,2014,747862775,165000000,3111324,53,146358,24643,171001,16158,7.53,13.557,4.9,16,48,0,13,2,4,0.6775619069918095,0.17786561264822132,0.7526776624685867,0.9157188235044993,0.12307403936269916,0.6306922331113524,0.6345591536762674,0.5,0.5842389001223833,54.178771942349144,50.57387499101978,3.6048969513293656,As Expected
X-Men: The Last Stand,2006,604753969,210000000,2360866,52,27255,12605,39860,10305,6.418,0.4321,2.89453125,7,40,0,13,1,9,0.6458586716527703,0.17391304347826086,0.6617101223376661,0.8732177394925116,0.07270237816307404,0.5848849789285274,0.6345591536762674,0.31546487678572865,0.5269879758505244,37.96106837627165,47.721551663219856,-9.760483286948208,Underperformer
X-Men: Apocalypse,2016,543933666,178000000,2721430,51,116773,17440,134213,13687,6.522,13.5518,7.352941176470588,1,19,0,7,2,7,0.6621833966597734,0.16996047430830036,0.7375459581766719,0.9000359666061638,0.18468493301725564,0.4599852698988825,0.5,0.5,0.5514125353503494,44.87991328118943,46.449423317309595,-1.569510036120164,As Expected
X-Men: Dark Phoenix,2019,252751822,200000000,2919683,47,139652,18750,158402,7017,5.965,11.2307,6.65,0,13,0,0,3,4,0.6702599697001528,0.1541501976284585,0.747896975592462,0.836906628960445,0.167029053420806,0.39872509494442326,0.0,0.6309297535714573,0.5024054619110819,30.99747907095789,36.55619388694697,-5.558714815989081,Underperformer
Deadpool,2016,783112979,58000000,7381717,64,236669,29235,265904,32577,7.623,18.6259,4.036764705882353,29,78,0,58,2,8,0.7767948582491033,0.22134387351778656,0.780254067649141,0.9819778584565507,0.10139202822647335,0.7074053288374458,0.9804405082269737,0.5,0.660665744906172,75.82851697193898,51.71837305575295,24.110143916186033,Strong Overperformer
Deadpool 2,2018,785046920,110000000,4625943,49,392937,42138,435075,19100,7.49,12.6129,3.9642857142857144,6,53,0,26,1,4,0.7231184670540247,0.16205533596837945,0.8110110939327642,0.931525085562016,0.0995715624581604,0.6185988860443553,0.7924812503605781,0.31546487678572865,0.5987956119152796,58.30231125209018,51.41106071702066,6.891250535069517,Overperformer
Wonder Woman,2017,822007722,149000000,2526433,101,327264,79642,406906,20819,7.208,15.6207,5.258064516129032,37,76,0,9,1,2,0.6536437740094436,0.3675889328063241,0.8068298768330362,0.9396683969427858,0.13206759984279107,0.7155741388486762,0.5536546824812272,0.31546487678572865,0.5944965929392493,57.08451055690607,51.840512757933425,5.243997798972643,Overperformer
Wonder Woman 1984,2020,822007722,200000000,2359939,47,164424,41970,206394,8991,6.369,10.1938,4.568181818181818,24,48,0,8,3,5,0.6458135633063871,0.1541501976284585,0.7644285190256175,0.860328908691625,0.11473971202181137,0.6482291342554843,0.5283208335737188,0.6309297535714573,0.5757182704406565,51.76509830944169,51.684619084161056,0.08047922528063367,As Expected
Batman v Superman: Dawn of Justice,2016,873260194,250000000,4042283,56,0,0,0,18881,5.993,16.3321,4.022058823529412,14,33,0,24,0,0,0.7076274247338161,0.18972332015810278,0.0,0.9304353588261768,0.10102265836043885,0.5848849789285274,0.7739760316291208,0.0,0.39952971973699997,1.8554466594468355,52.34232326889975,-50.486876609452914,Strong Underperformer
Superman Returns,2006,391081192,270000000,2274287,46,41160,7245,48405,4521,5.801,8.6602,4.57421875,12,47,0,29,1,8,0.6415673384988829,0.150197628458498,0.6738425710566076,0.7953719894400616,0.11489134254920337,0.6185988860443553,0.8178150992680865,0.31546487678572865,0.5443159641656915,42.869638525417116,41.99671414130694,0.8729243841101777,As Expected
Man of Steel,2013,668045518,225000000,4597146,62,328927,22365,351292,16085,6.642,14.7376,4.069767441860465,7,46,0,63,5,3,0.7224012252791654,0.2134387351778656,0.7976496472337032,0.9152909462868197,0.10222096292582987,0.6026803680426321,1.0,0.8154648767857287,0.6689197634244614,78.16666656971461,48.96182972568582,29.20483684402879,Strong Overperformer
The Dark Knight,2008,1005064122,185000000,7878556,88,851435,24945,876380,35515,8.528,35.0138,7.573275862068965,163,165,2,20,4,4,0.7842765576148323,0.31620553359683795,0.854754676851421,0.9901374909526417,0.19021911256180718,0.875704233872859,0.7320529037964602,0.7324867603589634,0.7114868504072077,90.22481946659187,54.30503412269235,35.91978534389952,Strong Overperformer
The Dark Knight Rises,2012,1081041287,250000000,6234709,62,439995,25147,465142,24203,7.793,17.0341,4.271739130434782,45,103,0,20,4,3,0.7573981929248266,0.2134387351778656,0.8151853202537562,0.9539003337936112,0.10729391630332911,0.7560271402765526,0.7320529037964602,0.7324867603589634,0.6640366816063948,76.7834160035184,55.08038352751143,21.703032476006967,Strong Overperformer
Batman Begins,2005,375147760,150000000,4792701,71,149275,11998,161273,22454,7.723,15.9719,4.276119402985074,15,79,0,25,4,5,0.7271860554693232,0.2490118577075099,0.7490190094945633,0.9468124619118642,0.10740393626991564,0.6880278710100449,0.7834066196901821,0.7324867603589634,0.6459559636876254,71.66161705969591,41.77441808191418,29.887198977781736,Strong Overperformer
Justice League,2017,657924571,300000000,39738,43,218192,64747,282939,13599,6.071,11.3661,7.064516129032258,2,15,0,35,3,4,0.1767244427208179,0.13833992094861658,0.7841329306820666,0.8994264712324054,0.17744051758019166,0.43669523229335927,0.8616541669070521,0.6309297535714573,0.5066200809338851,32.1913714460609,48.61364811018797,-16.422276664127068,Strong Underperformer
Aquaman and the Lost Kingdom,2023,439346305,250000000,12440310,39,31960,12633,44593,3442,6.526,13.7223,4.6902654867256635,1,6,0,3,1,5,0.8367436462088287,0.1225296442687747,0.6687188456862249,0.7696104611137705,0.1178061059458742,0.31417488238444086,0.33333333333333337,0.31546487678572865,0.49838442876220296,29.858424558436326,43.53028430237447,-13.671859743938143,Underperformer
Shazam! Fury of the Gods,2023,288820061,200000000,4518626,36,20200,10544,30744,3601,6.426,10.3068,5.221238938053097,0,8,0,1,0,4,0.7204224754284634,0.11067193675889327,0.6454895567268736,0.7738767260730566,0.13114264624163355,0.3319702714985457,0.16666666666666669,0.0,0.424615231154947,8.961522118558495,38.267375947668256,-29.30585382910976,Strong Underperformer
The Flash,2023,104822712,200000000,11030,48,263887,32716,296603,4928,6.617,14.8853,5.393805309734513,5,7,0,14,6,5,0.029518986742038678,0.15810276679841895,0.7870790099775514,0.8035160927600431,0.13547702183775534,0.38752840440589703,0.6511484326014197,0.8856218745807111,0.46545905864234255,20.531520247308023,25.26591597552624,-4.734395728218217,As Expected
Eternals,2021,402115086,300000000,5396301,53,303927,52138,356065,9057,6.8,12.6926,5.026315789473684,7,18,0,20,4,6,0.7408105288701192,0.17786561264822132,0.798492653189859,0.8610199859586645,0.12624673210674295,0.4922533652007107,0.7320529037964602,0.7324867603589634,0.620053172418972,64.32402739329659,42.2978283148712,22.026199078425392,Strong Overperformer
Shang-Chi and the Legend of the Ten Rings,2021,432242351,150000000,4216501,49,96418,21674,118092,10290,7.495,11.8932,6.065789473684211,19,72,0,6,0,5,0.712473996581245,0.16205533596837945,0.7295526376427751,0.8730800992880399,0.1523553494796034,0.6831797700906084,0.4678924870096007,0.0,0.5222616310284272,36.62221734022795,43.59169487695581,-6.969477536727865,Underperformer
Black Panther: Wakanda Forever,2022,859160608,250000000,5079226,52,87825,26261,114086,7388,7.008,14.4555,5.1875,53,173,1,8,1,5,0.7338552887041756,0.17391304347826086,0.7273968710353877,0.8417746710179446,0.13029522024367385,0.819634983490249,0.5283208335737188,0.31546487678572865,0.5731907948068703,51.049129945252744,52.13351551810803,-1.0843855728552825,As Expected
The Mummy,1999,416401889,80000000,4406216,65,88981,16260,105241,9892,6.966,27.7621,3.787313432835821,5,24,0,19,0,6,0.7175289940378933,0.225296442687747,0.7223559501858531,0.8693528359788301,0.0951265229615745,0.5138739252495418,0.7203213491478937,0.0,0.530374096447308,38.920268612356224,43.44565972291187,-4.5253911105556455,As Expected
The Mummy Returns,2001,429946661,130000000,2049516,52,63325,10734,74059,7600,6.397,18.8246,18.70149253731343,6,19,0,8,0,8,0.6296148244974307,0.17391304347826086,0.7004062772697114,0.8444478074713525,0.46972820993439546,0.4922533652007107,0.5283208335737188,0.0,0.5168705463192723,35.09506271653111,43.59916671899276,-8.504104002461652,Underperformer
The Mummy: Tomb of the Dragon Emperor,2008,407453881,145000000,1504536,52,2058,9607,11665,4771,5.513,13.5055,5.525862068965517,2,6,0,9,0,6,0.5941098634294975,0.17391304347826086,0.58495712352346,0.8004570960422411,0.13879391138545066,0.3319702714985457,0.5536546824812272,0.0,0.4356922978791641,12.099368132396847,42.85205235055196,-30.75268421815511,Strong Underperformer
Jurassic Park,1993,1038668406,63000000,6288979,88,504715,18739,523454,17730,7.967,8.4307,8.42910447761194,44,27,3,0,1,6,0.7583936525350214,0.31620553359683795,0.8225629207479932,0.9244918750741642,0.21171508903467665,0.6461451538829865,0.0,0.31546487678572865,0.5575935674940423,46.63083954681273,55.29739595094239,-8.666556404129658,Underperformer
Jurassic Park III,2001,368875760,93000000,2139639,56,34076,9126,43202,7786,6.172,0.5001,8.861940298507463,5,16,0,32,1,8,0.6345575834336568,0.18972332015810278,0.6667393420848235,0.846732405832361,0.2225866916588566,0.4670138014289433,0.8407323532264089,0.31546487678572865,0.5484847300127361,44.05054188381041,41.811298643776496,2.2392432400339146,As Expected
The Lost World: Jurassic Park,1997,618638999,100000000,2940899,57,33226,9743,42969,9160,6.563,0.5938,5.201492537313433,4,28,0,24,0,5,0.6710915762885921,0.19367588932806323,0.6664015431562479,0.8620884877585964,0.13064667291471416,0.5282739763834025,0.7739760316291208,0.0,0.5163647296903577,34.95177797046176,48.40566322740213,-13.453885256940367,Underperformer
Jurassic World: Fallen Kingdom,2018,1310413368,170000000,3817843,49,71813,31627,103440,12677,6.531,12.1945,2.955357142857143,5,26,0,1,1,4,0.7010662420642289,0.16205533596837945,0.7212777238754169,0.8927924804532356,0.07423015129200695,0.5236248039740681,0.16666666666666669,0.31546487678572865,0.4979522247019377,29.73599234588107,57.7529325868733,-28.01694024099223,Strong Underperformer
Jurassic World Dominion,2022,1003715284,165000000,6585457,48,51812,19033,70845,6980,6.604,15.6355,5.640625,1,26,0,0,3,4,0.763684611488523,0.15810276679841895,0.6976348515884967,0.8364070965581534,0.14167642924086224,0.5034500557392368,0.0,0.6309297535714573,0.5193205028062168,35.789071914817264,54.34839672832098,-18.559324813503714,Strong Underperformer
Godzilla,2014,529076069,160000000,3461903,55,197737,22658,220395,9703,6.353,12.9203,10.4625,7,31,0,9,1,6,0.6898253621605754,0.18577075098814227,0.7685284087034125,0.8675300166739519,0.26278819119025304,0.5535135401551698,0.5536546824812272,0.31546487678572865,0.5655429600002448,48.88269648773831,46.1506134167179,2.732083071020405,As Expected
Godzilla: King of the Monsters,2019,384820245,200000000,3349570,42,153637,24403,178040,6652,6.687,13.5281,5.66,5,14,0,10,0,4,0.6860365857181718,0.13438735177865613,0.7551974470740915,0.8318593913824993,0.1421630740393627,0.45261375029508255,0.5765719364395496,0.0,0.5020063569519677,30.884422976213788,41.94861720925303,-11.064194233039242,Underperformer
Godzilla vs. Kong,2021,470099918,200000000,5537562,41,113876,22481,136357,10559,7.538,12.2005,7.342105263157895,3,20,0,6,0,5,0.743778544248112,0.13043478260869562,0.7385359315641497,0.8755185132143101,0.184412765747546,0.48016001813371373,0.4678924870096007,0.0,0.5103047518338389,33.235143248071374,44.516355374916145,-11.281212126844771,Underperformer
Godzilla x Kong: The New Empire,2024,567167020,140000000,12711475,34,18764,9471,28235,4592,7.047,18.5124,5.034682080924855,4,5,0,1,1,5,0.8392203554613642,0.10276679841897234,0.6401718644819424,0.7968441948242507,0.12645686951151464,0.34788878950026897,0.16666666666666669,0.31546487678572865,0.4814872635594016,25.071895435084347,47.1131424197915,-22.041246984707154,Strong Underperformer
King Kong,2005,562207947,207000000,2560074,49,114420,9713,124133,8437,6.887,12.821,4.4664179104477615,47,104,3,27,1,5,0.6551630925046907,0.16205533596837945,0.7326690064633485,0.854319709069787,0.11218369259606374,0.7590389246890306,0.801225820342934,0.31546487678572865,0.5779952557388003,52.41010925134826,46.793380667684715,5.616728583663544,Overperformer
Rampage,2018,428758310,160000000,1675447,14,110012,16261,126273,7459,6.448,11.6158,4.741071428571429,0,7,0,3,2,7,0.6064681155446745,0.023715415019762848,0.7337367050012658,0.8426783670875977,0.11908220645334047,0.31417488238444086,0.33333333333333337,0.5,0.48133938453703556,25.03000513935767,43.45369996944265,-18.423694830084983,Strong Underperformer
Dune,2021,636925760,165000000,17932781,86,451409,39867,491276,14721,7.78,23.5603,10.868421052631579,178,299,6,30,2,5,0.8787460880257114,0.308300395256917,0.8185999047297026,0.906917720211874,0.2729837715187688,0.9321429275056419,0.8256993850644793,0.5,0.714073618506851,90.9575838501849,48.51415237676892,42.443431473415984,Strong Overperformer
Dune: Part Two,2024,711419839,190000000,21358966,50,95806,31559,127365,7796,8.128,23.4264,6.086705202312139,125,376,2,20,2,4,0.8988281007350518,0.1660079051383399,0.7342745784148346,0.8468536830046498,0.15288069299153265,0.9395445469564574,0.7320529037964602,0.5,0.6603545090187214,75.74035190864967,49.85832419218289,25.88202771646678,Strong Overperformer
Inception,2010,839292287,160000000,16722,83,266771,16808,283579,39032,8.372,36.9265,3.1971153846153846,160,220,4,17,4,6,0.07730882803007555,0.2964426877470356,0.7842740665548346,0.9990604931212105,0.08030242952923365,0.8978748655788023,0.6949875002403854,0.7324867603589634,0.5424320525745451,42.335975180790086,52.06972975921914,-9.733754578429057,Underperformer
Interstellar,2014,731210309,165000000,13625,8,559121,35012,594133,39422,8.47,62.7208,4.8,45,148,1,16,3,3,0.05378518521507858,0.0,0.8304744563375952,1.0,0.12056232427366448,0.7959005744420475,0.6812438068750566,0.6309297535714573,0.49971557422675744,30.23550358068863,50.28501238298671,-20.049508802298078,Strong Underperformer
Seabiscuit,2003,302576117,85000000,1321337,14,412419,15198,427617,924,7.1,4.5141,11.216417910447761,6,44,0,7,1,10,0.5791965860798474,0.023715415019762848,0.809931031347146,0.6454097689634469,0.28172446110590443,0.5940445215494722,0.5,0.31546487678572865,0.5138614278278302,34.242657409366515,39.31738883107812,-5.074731421711604,Underperformer
Apollo 13,1995,355237933,52000000,4509435,64,187779,17055,204834,5845,7.454,10.8034,16.365671641791046,31,59,2,0,0,7,0.7201886123039891,0.22134387351778656,0.7639545888158478,0.8196396848151413,0.4110590440487348,0.6815285385555067,0.0,0.0,0.5101857543176843,33.20143433478062,41.635922122732325,-8.434487787951703,Underperformer
The Revenant,2015,532950695,135000000,4554926,68,23691,17508,41199,19201,7.54,11.1276,3.641891891891892,0,0,0,9,1,6,0.7213414953515098,0.23715415019762848,0.6637739841999539,0.932023450559458,0.09147394817497911,0.0,0.5536546824812272,0.31546487678572865,0.49000020673019495,27.483391678589577,46.33418988345724,-18.850798204867665,Strong Underperformer
Oppenheimer,2023,952060471,100000000,51537543,72,293173,43583,336756,11615,8.032,26.5351,3.1371681415929205,370,378,7,9,7,4,0.9999999999999998,0.25296442687747034,0.7950099018411243,0.8845252451145005,0.07879672558077813,1.0,0.5536546824812272,0.946394630357186,0.7306355514093409,95.64915034819292,53.93583704871364,41.71331329947928,Strong Overperformer
Killers of the Flower Moon,2023,156529284,200000000,2731667,48,22864,17011,39875,4071,7.398,12.7701,5.712389380530974,136,423,0,0,0,6,0.6626146408365752,0.15810276679841895,0.6617336242863291,0.7854665785823642,0.14347894601521097,0.9560638060343194,0.0,0.0,0.46918086276761223,21.585810929987836,30.409535091186257,-8.82372416119842,Underperformer
The Wolf of Wall Street,2013,392002827,100000000,7890143,11,154568,18119,172687,25753,8.027,24.2201,9.19767441860465,38,180,0,18,0,7,0.784445356113411,0.011857707509881424,0.7532905300636168,0.9597660899887033,0.23101937621237548,0.8142142700047572,0.7079879189072642,0.0,0.5800317134977038,52.98698497307297,42.55291758716871,10.434067385904264,Overperformer
Once Upon a Time in Hollywood,2019,405199931,95000000,10464146,62,501147,56605,557752,14732,7.423,15.3391,6.26,0,0,0,15,4,3,0.8168745781641595,0.2134387351778656,0.8265273236386325,0.9069883018316177,0.15723336457357076,0.0,0.6666666666666667,0.7324867603589634,0.5963617632214269,57.61286497425968,43.00483178882317,14.608033185436511,Overperformer
Pulp Fiction,1994,213959223,8000000,7008469,86,549620,22025,571645,30013,8.485,35.9396,29.253731343283583,69,72,1,24,1,5,0.7708351931576363,0.308300395256917,0.8280642145598099,0.9742314529039405,0.7347703842549204,0.7487569867829595,0.7739760316291208,0.31546487678572865,0.7053298943048478,88.4807133197064,36.12344233111614,52.35727098859026,Strong Overperformer
Inglourious Basterds,2009,321456983,70000000,7091293,69,76580,11462,88042,24015,8.217,18.8095,0.0,134,173,1,12,3,6,0.7721845995566032,0.24110671936758893,0.7112097270876601,0.9531634639455232,0.0,0.8657388963733664,0.6167399530235154,0.6309297535714573,0.6274467439569978,66.41843465437256,40.19669154354352,26.22174311082904,Strong Overperformer
The Hateful Eight,2015,160369000,44000000,3838055,52,73766,18231,91997,15181,7.757,11.1166,0.0,46,116,1,12,1,7,0.7016727094617132,0.17391304347826086,0.7139545696820215,0.9098252270722437,0.0,0.7695952678435927,0.6167399530235154,0.31546487678572865,0.561679292649081,47.788219628612616,31.522264268954046,16.26595535965857,Strong Overperformer
