title,wikipedia_monthly_views,wikipedia_languages,imdb_rating,imdb_votes,metacritic_score,reddit_mentions_estimate,google_trends_peak,google_trends_sustained,has_fandom_wiki,fandom_wiki_pages,quotability_score,meme_score,merchandise_index,awards_nominations,awards_wins,sequel_count,years_since_release
Avatar,500000,85,7.8,1300000,84,25000,100,15,True,3500,3,3,7,9,3,0,16
Avengers: Endgame,380000,82,8.4,1450000,78,75000,100,35,True,8500,9,8,10,10,2,3,6
Avatar: The Way of Water,420000,80,7.6,850000,77,18000,95,12,True,2800,3,2,6,4,1,1,3
Titanic,420000,85,7.9,1350000,75,45000,85,28,True,1200,10,7,8,14,11,0,28
Star Wars: The Force Awakens,350000,88,7.8,1200000,81,62000,100,40,True,12000,9,8,10,5,0,4,10
Avengers: Infinity War,320000,80,8.4,1200000,68,68000,98,32,True,7500,9,9,10,4,0,3,7
Spider-Man: No Way Home,380000,79,7.4,1080000,71,85000,100,38,True,6000,8,8,9,3,0,5,4
Inside Out 2,280000,60,8.0,450000,84,42000,88,22,True,1500,7,7,8,5,1,0,1
Jurassic World,381932,89,8.2,910268,78,41265,87,5,False,14363,9,8,8,7,0,0,10
The Lion King (2019),320000,85,8.5,1100000,83,35000,92,32,True,4500,10,7,10,2,0,0,6
The Avengers,280000,78,8.0,1180000,69,55000,96,28,True,6500,9,8,9,1,0,3,13
Furious 7,309735,86,8.4,999041,72,88707,94,5,False,0,8,8,9,12,3,5,10
Frozen II,320000,75,7.1,480000,77,38000,95,35,True,2200,9,7,10,3,1,0,6
Top Gun: Maverick,280000,72,8.3,650000,78,38000,92,24,True,900,9,6,7,3,0,0,3
Barbie,350000,75,7.0,520000,71,72000,100,32,True,2200,8,9,10,8,0,0,2
Avengers: Age of Ultron,209150,74,7.7,467435,84,46551,77,4,True,0,8,6,8,1,0,3,10
Black Panther,280000,75,7.3,800000,96,52000,95,26,True,4200,8,7,8,7,3,0,7
Harry Potter and the Deathly Hallows – Part 2,250000,82,8.1,950000,87,42000,88,28,True,15000,9,6,9,3,0,3,14
Star Wars: The Last Jedi,280000,78,6.9,780000,85,58000,92,22,True,8000,7,7,8,4,0,3,8
Aquaman,193001,68,7.0,652801,84,38483,81,11,True,0,7,5,8,2,0,0,7
Incredibles 2,169457,65,7.2,715139,82,21873,86,10,True,4934,8,6,7,4,0,0,7
The Fate of the Furious,239789,67,8.0,424300,82,32262,87,8,True,0,6,7,5,1,0,5,8
Frozen,380000,82,7.4,680000,74,48000,100,45,True,2800,10,8,10,3,2,0,12
Incredibles,128190,50,6.8,314231,57,17666,64,1,False,0,6,3,6,1,0,0,21
Minions,239135,64,7.9,856551,67,20056,77,4,True,2028,7,7,7,6,0,0,10
Captain America: Civil War,269176,74,7.5,522409,77,37403,79,6,True,2059,6,7,7,3,1,0,9
Beauty and the Beast (2017),193585,69,8.0,842296,70,44467,86,9,True,2663,7,7,8,1,1,0,8
Rogue One: A Star Wars Story,173776,60,7.3,854589,84,24474,81,6,True,4748,8,7,6,4,0,3,9
Finding Dory,211087,68,7.5,713149,81,32675,81,6,True,0,6,7,5,2,0,0,9
Iron Man 3,262859,64,7.4,717824,83,36556,86,1,True,1202,8,5,7,6,0,0,12
Toy Story 4,202083,61,7.8,434698,80,37671,75,12,True,0,6,7,8,4,0,4,6
Doctor Strange in the Multiverse of Madness,274249,62,8.0,542483,71,33227,83,17,True,3919,6,7,8,1,0,0,3
Thor: Love and Thunder,262561,69,7.3,708987,80,46065,90,21,True,2327,7,5,5,3,0,0,3
Ant-Man and the Wasp: Quantumania,87400,42,7.4,216690,74,11295,81,20,True,1948,7,6,6,1,0,0,2
Shrek Forever After,82557,64,7.4,393548,72,19207,73,1,True,1256,10,10,3,3,0,2,15
Shrek the Third,171412,55,7.5,278391,61,6218,76,1,True,769,10,10,7,2,0,4,18
Shrek 2,150000,65,7.3,780000,89,38000,78,28,True,2800,9,9,8,1,0,4,21
Shrek,180000,70,7.8,920000,84,48000,82,35,True,3200,10,10,8,1,0,3,24
Pirates of the Caribbean: Dead Men Tell No Tales,128404,40,7.2,286672,59,12996,75,8,True,1835,4,6,6,1,0,0,8
Pirates of the Caribbean: On Stranger Tides,232989,65,7.4,725352,69,33711,91,1,True,1992,8,5,5,7,0,0,14
Pirates of the Caribbean: Dead Man's Chest,268015,62,7.2,565656,74,38093,77,1,False,3901,8,6,7,3,0,0,19
Pirates of the Caribbean: The Curse of the Black Pearl,179713,56,7.6,255864,65,17533,75,1,False,1220,7,3,6,1,0,0,22
Toy Story,200000,78,8.3,1040000,84,32000,80,30,True,3200,10,7,10,3,0,2,30
Toy Story 2,150316,59,7.3,418799,68,9495,73,1,True,0,5,4,5,0,0,4,26
Toy Story 3,276141,76,7.0,789957,79,44749,85,1,True,4051,6,7,8,6,0,3,15
Cars,149678,42,7.3,223523,70,9465,69,1,True,0,7,4,4,0,0,0,19
Cars 2,88308,62,7.1,250235,75,23048,60,1,False,859,4,6,7,0,0,0,14
Cars 3,33343,26,7.0,66964,66,9004,62,4,False,0,6,2,1,0,0,0,8
Monsters University,173468,53,6.6,325150,71,23525,73,1,False,0,5,6,7,2,0,0,12
"Monsters, Inc.",142752,44,7.0,173049,76,7849,79,1,True,1068,7,3,7,3,0,0,24
Up,131991,55,7.3,244704,74,23071,71,1,True,0,4,5,5,0,0,0,16
WALL-E,177856,40,7.3,232986,66,15636,71,1,False,0,6,5,3,1,0,0,17
Ratatouille,168668,49,6.5,215953,73,13808,66,1,True,0,6,3,6,0,0,0,18
The Incredibles,169084,64,7.2,188756,63,7967,62,1,True,0,4,5,7,3,0,0,21
A Bug's Life,50150,32,7.1,118450,53,7917,56,1,False,391,6,3,3,0,0,0,27
Finding Nemo,197280,63,7.0,866152,83,19360,81,1,True,4577,8,5,5,3,0,0,22
Coco,239112,79,7.8,637027,80,42192,81,9,True,3445,8,6,5,3,0,0,8
Encanto,169930,57,7.8,329208,64,22337,71,15,False,0,4,6,4,0,0,0,4
Mulan,49065,21,6.1,104693,63,11580,40,1,True,266,6,4,4,0,0,0,27
The Jungle Book,185909,78,7.9,634677,71,40289,93,1,True,1753,7,6,8,4,0,0,58
101 Dalmatians,55470,28,7.1,89298,57,2504,67,1,False,0,6,2,2,0,0,0,64
The Lion King (1994),320000,85,8.5,1100000,83,35000,92,32,True,4500,10,7,10,2,0,0,31
The Little Mermaid,66395,32,7.5,84620,59,6175,61,1,True,0,4,3,4,0,0,0,36
Beauty and the Beast (1991),47640,36,7.0,102638,45,11588,61,1,False,61,3,4,4,0,0,0,34
Aladdin,103959,60,6.9,196427,58,8719,77,1,True,801,6,3,3,0,0,0,33
Snow White and the Seven Dwarfs,137043,52,7.4,232844,67,6581,62,1,True,749,5,6,4,2,0,0,88
Cinderella,67892,42,6.6,111813,45,4193,54,1,False,266,4,3,1,0,0,0,75
The Sleeping Beauty,76540,20,6.7,155570,45,2404,55,1,True,694,4,1,5,0,0,0,66
Tangled,149172,44,7.5,334402,71,20444,73,1,False,1016,7,4,3,0,0,0,15
Wreck-It Ralph,172193,47,6.5,339089,76,15357,62,1,True,688,5,4,5,0,0,0,13
Big Hero 6,133871,54,7.0,151252,75,17173,61,2,False,0,7,4,4,1,0,0,11
Moana,86941,54,7.1,487889,74,14550,82,5,True,1199,5,6,3,1,0,0,9
Zootopia,169963,79,7.6,623777,70,29388,76,7,True,2906,8,5,7,7,0,0,9
Frozen 2,161637,75,7.8,787971,67,33271,77,14,True,4860,6,6,8,2,0,0,6
Raya and the Last Dragon,53061,40,6.8,154680,56,4393,53,8,False,0,4,1,2,0,0,0,4
Turning Red,90488,54,7.3,409127,65,24262,75,17,False,924,6,3,6,2,0,0,3
Lightyear,30055,41,6.4,78699,67,4125,63,9,True,0,4,3,3,0,0,0,3
Elemental,98030,62,7.2,188638,67,24729,65,15,False,0,6,3,6,1,0,0,2
Wish,80448,26,6.1,97915,69,8288,52,14,False,0,2,1,2,0,0,0,2
DreamWorks Dragons 2,106734,43,7.2,360977,69,12943,67,2,True,0,4,4,6,1,0,0,11
Madagascar 3,114529,63,7.1,262581,59,22844,81,1,False,0,7,4,5,1,0,3,13
Kung Fu Panda 3,93918,63,7.7,294118,57,7590,67,5,True,0,5,6,6,2,0,0,9
Rise of the Guardians,30117,36,6.7,63234,69,6289,54,1,False,0,5,1,2,0,0,0,13
The Croods,122101,43,7.1,330448,74,9208,71,1,True,1873,4,4,5,2,0,0,12
The Croods: A New Age,127362,40,7.0,340455,64,21644,82,12,True,0,5,6,3,2,0,0,5
Megamind,99216,48,7.3,229767,60,8490,76,1,True,633,4,6,5,0,0,0,15
Trolls,35415,41,6.1,137388,52,11064,44,4,True,214,6,3,3,0,0,0,9
Trolls World Tour,30077,23,6.5,93303,52,11510,47,9,True,72,2,1,1,0,0,0,5
Kung Fu Panda,114016,54,7.0,242263,73,16302,78,1,True,853,7,6,7,0,0,0,17
Kung Fu Panda 2,105053,46,7.2,201356,60,6120,64,1,False,0,5,4,7,2,0,0,14
How to Train Your Dragon,123872,61,7.6,304782,69,11371,72,1,True,1971,4,3,6,3,0,0,15
How to Train Your Dragon 2,100609,58,7.4,280330,59,10779,70,2,False,0,6,5,4,1,0,0,11
How to Train Your Dragon 3,82443,52,6.7,167368,55,5827,70,11,False,1456,7,3,4,0,0,0,6
Madagascar,145310,48,7.1,325399,63,8797,70,1,False,0,5,4,6,1,0,2,20
Madagascar 2,133173,62,6.8,480388,69,14524,68,1,True,0,4,5,6,0,0,4,17
Despicable Me,153509,41,7.1,158666,56,8600,70,1,True,0,4,5,6,1,0,0,15
Despicable Me 2,237895,60,7.4,494270,75,19757,92,1,False,1688,7,6,8,7,0,0,12
Despicable Me 3,212823,76,7.4,401759,77,41838,93,10,True,4376,6,5,6,3,0,0,8
The Secret Life of Pets,228623,69,7.3,737773,66,31438,92,6,True,0,8,7,8,7,0,0,9
Sing,143230,47,6.6,484402,73,8054,67,5,True,1611,7,4,5,3,0,0,9
Sing 2,84771,24,6.2,136925,67,2943,57,9,True,134,4,4,5,0,0,0,4
Illumination's Pets United,121874,43,7.3,410910,59,24978,69,9,False,0,7,3,7,1,0,0,6
Hop,93197,28,6.7,188155,47,7619,65,1,True,0,4,2,1,0,0,0,14
Dr. Seuss' Horton Hears a Who!,108529,58,7.2,185367,56,13428,84,1,False,793,7,4,4,0,0,0,17
Ice Age,86133,37,6.8,81653,46,9184,44,1,False,678,3,2,5,0,0,4,23
Ice Age: The Meltdown,161182,45,7.5,377595,67,20156,66,1,True,1799,5,4,4,3,0,4,19
Ice Age: Dawn of the Dinosaurs,211120,78,7.1,880626,75,39063,78,1,True,2333,7,7,7,6,0,2,16
Ice Age: Continental Drift,209129,63,7.6,514130,67,46987,85,1,True,1481,6,6,6,5,0,2,13
Ice Age: Collision Course,115111,56,7.0,355738,62,17312,66,5,True,471,6,4,4,3,0,2,9
Rio,149626,56,6.7,330553,77,6341,75,1,True,1404,6,3,3,1,0,0,14
Rio 2,157454,48,7.7,187641,70,9806,76,2,True,690,5,5,7,2,0,0,11
Rango,41122,35,6.2,91786,67,3500,57,1,False,0,4,2,1,0,0,0,14
The Book of Life,82375,22,6.8,184055,67,9126,51,1,False,0,6,2,1,0,0,0,11
Curious George,37564,37,6.8,129273,56,10502,42,1,True,0,6,1,2,0,0,0,19
Charlotte's Web,78543,22,6.1,157309,64,4032,68,1,False,489,5,3,1,0,0,0,19
Stuart Little,80072,26,6.8,191888,61,4050,52,1,False,195,6,1,1,0,0,0,26
Bumblebee,170093,54,7.1,361760,58,15426,64,8,False,1763,6,4,5,1,0,0,7
Transformers,120000,60,7.0,650000,58,12000,82,8,True,2200,4,5,8,2,0,0,18
Transformers: Revenge of the Fallen,230097,66,8.2,848058,72,30934,93,1,False,0,6,6,5,1,0,0,16
Transformers: Dark of the Moon,205554,65,8.0,473781,79,15726,91,1,True,2596,8,6,7,2,0,0,14
Transformers: Age of Extinction,176685,76,7.2,559903,67,22287,89,2,True,2290,6,7,7,4,0,0,11
Transformers: The Last Knight,145160,42,7.7,438075,64,18774,67,9,True,0,7,6,5,0,0,0,8
Guardians of the Galaxy,200000,70,8.0,1050000,76,48000,85,28,True,4500,9,8,8,0,0,0,11
Guardians of the Galaxy Vol. 2,262217,77,7.1,788411,80,18020,79,9,True,3271,7,5,7,2,0,0,8
Guardians of the Galaxy Vol. 3,151591,67,7.8,649690,77,49080,80,23,True,3618,8,5,5,3,0,0,2
Thor,177624,60,7.4,498350,60,21106,72,1,False,1717,7,5,7,1,0,0,14
Thor: The Dark World,172241,43,7.2,339004,66,5294,61,1,True,316,7,5,4,3,0,0,12
Thor: Ragnarok,181575,72,7.9,602053,83,44257,83,8,True,2245,6,5,6,4,0,0,8
Iron Man,163807,43,6.6,408778,71,19859,81,1,True,0,5,6,5,1,0,0,17
Iron Man 2,103821,54,7.8,227475,57,7428,71,1,False,1178,6,6,5,2,0,0,15
Captain America: The First Avenger,74569,21,6.4,173395,61,9266,52,1,False,206,4,4,2,0,0,0,14
Captain America: The Winter Soldier,158797,59,7.4,434186,57,24280,71,2,True,1168,6,6,5,0,0,0,11
Ant-Man,85626,40,6.9,396693,69,16425,62,4,True,0,6,6,5,3,0,0,10
Ant-Man and the Wasp,119341,64,7.6,355390,68,11342,62,9,False,1198,7,4,3,1,0,0,7
Black Widow,41536,31,6.4,58712,50,11208,67,12,False,0,4,4,5,0,0,0,4
Captain Marvel,210112,67,7.6,557661,82,32773,89,12,True,3848,7,5,8,3,0,0,6
Spider-Man: Homecoming,196167,68,7.3,787960,78,23783,94,8,True,0,6,6,5,1,0,2,8
Spider-Man: Far From Home,233869,60,8.0,456985,71,30525,81,13,True,1105,8,5,8,3,0,4,6
The Amazing Spider-Man,129786,45,7.3,267832,61,5552,77,1,True,1641,7,4,5,2,0,4,13
The Amazing Spider-Man 2,126163,55,7.2,309033,76,13601,62,2,False,1277,5,6,6,0,0,2,11
Spider-Man 3,233186,78,8.2,845795,77,33311,93,1,True,1661,6,5,7,3,0,3,18
Spider-Man 2,88946,42,6.8,428453,69,5352,66,1,False,1256,7,6,7,3,0,5,21
Spider-Man,251757,79,7.6,776369,81,30282,83,1,False,4811,7,7,6,4,0,3,23
Venom,179426,78,7.3,486652,76,48297,82,11,True,3147,7,7,6,4,1,0,7
Venom: Let There Be Carnage,129153,62,7.0,326037,67,9648,81,15,True,1407,5,5,3,2,0,0,4
X-Men Origins: Wolverine,97649,22,7.0,194832,52,6555,63,1,True,0,4,2,3,0,0,0,16
The Wolverine,113397,53,6.9,352332,64,16083,68,1,True,1271,4,3,6,3,0,0,12
Logan,115946,44,7.0,427707,59,8568,83,7,True,919,6,3,6,1,0,0,8
X-Men: Days of Future Past,161537,48,7.2,412425,55,11262,62,2,False,0,4,3,5,1,0,0,11
X-Men: The Last Stand,121235,60,7.1,384746,65,5125,61,1,True,1546,7,5,5,1,0,0,19
X-Men: Apocalypse,159141,59,6.7,254061,67,17595,75,6,False,1664,4,5,7,3,0,0,9
X-Men: Dark Phoenix,67380,34,6.3,98320,67,7238,65,7,True,0,2,2,1,0,0,0,6
Deadpool,174795,47,7.5,251376,73,18598,75,6,False,1925,5,6,4,1,0,0,9
Deadpool 2,85704,40,7.0,261279,67,24614,68,9,True,793,7,4,5,1,0,0,7
Wonder Woman,223297,72,8.0,556498,77,18712,81,9,True,3190,6,7,8,5,0,0,8
Wonder Woman 1984,233360,76,7.7,758690,76,29437,85,13,False,1961,7,5,7,5,0,0,5
Batman v Superman: Dawn of Justice,156471,75,8.0,623131,76,36636,76,7,True,3830,8,7,6,6,0,0,9
Superman Returns,56987,30,6.0,114106,67,6431,54,1,True,0,4,3,4,0,0,0,19
Man of Steel,158612,52,7.0,458557,58,12151,80,1,True,1479,6,6,4,3,0,0,12
The Dark Knight,320000,85,9.0,2700000,82,72000,95,38,True,5500,10,10,8,8,2,0,17
The Dark Knight Rises,260000,80,8.4,1860000,78,48000,90,28,True,4200,9,7,7,8,1,0,13
Batman Begins,42289,36,7.5,136365,55,3286,51,1,True,0,2,2,5,0,0,0,20
Justice League,86441,63,7.8,257971,76,6798,81,6,False,858,6,3,7,1,0,0,8
Aquaman and the Lost Kingdom,174088,48,7.3,226153,64,11295,75,19,False,349,7,5,6,3,0,0,2
Shazam! Fury of the Gods,66041,44,6.1,131571,54,5040,62,14,False,0,5,2,1,0,0,0,2
The Flash,47014,40,6.1,127231,49,2987,46,12,False,0,6,1,1,0,0,0,2
Eternals,179073,42,7.3,407681,57,16543,73,15,True,0,7,5,7,1,0,0,4
Shang-Chi and the Legend of the Ten Rings,153379,42,7.0,204624,60,7472,66,12,True,1255,4,6,5,3,0,0,4
Black Panther: Wakanda Forever,275703,65,7.7,735938,76,23533,80,17,True,2232,8,6,7,6,0,0,3
The Mummy,161437,52,6.7,336994,62,13555,60,1,True,0,5,4,3,0,0,0,26
The Mummy Returns,90699,45,6.7,268413,58,10782,77,1,False,0,6,3,3,0,0,0,24
The Mummy: Tomb of the Dragon Emperor,118067,62,7.7,346049,77,22826,81,1,True,543,5,6,3,1,0,0,17
Jurassic Park,260000,83,8.1,1320000,66,38000,82,32,True,4800,9,7,9,3,3,0,32
Jurassic Park III,55169,32,6.6,95033,58,10325,42,1,False,448,6,3,2,0,0,0,24
The Lost World: Jurassic Park,136154,41,6.8,353981,74,21127,69,1,True,1612,7,5,3,1,0,0,28
Jurassic World: Fallen Kingdom,187685,73,7.2,411138,67,38429,87,10,False,0,6,7,8,5,0,0,7
Jurassic World Dominion,239099,72,8.1,428179,82,27677,85,17,True,0,8,5,7,2,0,0,3
Godzilla,135677,50,7.5,306104,77,17168,62,2,False,0,6,5,6,0,0,0,11
Godzilla: King of the Monsters,76851,26,6.3,148723,50,5302,57,6,True,0,6,3,3,0,0,0,6
Godzilla vs. Kong,106715,61,7.6,226373,59,9481,80,16,True,1794,5,6,7,0,0,0,4
Godzilla x Kong: The New Empire,102740,57,7.3,166052,72,19308,72,17,False,0,6,5,7,3,0,0,1
King Kong,109300,43,7.6,449631,72,12394,68,1,True,0,5,3,3,0,0,0,20
Rampage,112784,63,6.9,254576,56,21955,75,7,True,0,7,6,7,3,0,0,7
Dune,172961,47,7.7,463543,71,21462,76,16,True,0,7,6,3,2,0,0,4
Dune: Part Two,121991,52,6.5,213530,55,12788,78,22,False,0,7,3,4,2,0,0,1
Inception,240000,80,8.8,2340000,74,52000,88,32,True,3500,9,8,6,8,4,0,15
Interstellar,220000,78,8.6,1900000,74,58000,85,35,True,2800,9,8,6,5,1,0,11
The Dark Knight Rises,320000,85,9.0,2700000,82,72000,95,38,True,5500,10,10,8,8,2,0,17
Seabiscuit,78355,30,7.5,175426,63,10964,69,1,True,0,5,1,1,0,0,0,22
Apollo 13,65144,21,7.0,147661,48,11805,48,1,True,0,3,2,5,0,0,0,30
The Revenant,165667,51,7.1,429297,76,5780,80,4,True,822,5,5,3,3,0,0,10
Oppenheimer,180000,72,8.1,550000,88,32000,88,18,False,0,8,5,4,7,7,0,2
Killers of the Flower Moon,56806,28,6.6,88714,58,8267,65,16,False,0,5,1,4,0,0,0,2
The Wolf of Wall Street,94946,33,6.0,127794,67,2038,56,1,True,0,6,2,5,0,0,0,12
Once Upon a Time in Hollywood,95997,47,7.5,467677,61,19571,70,12,True,0,7,3,7,1,0,0,6
Pulp Fiction,94028,40,7.1,94638,59,6082,62,1,False,0,6,1,1,0,0,0,31
Inglourious Basterds,38706,41,6.8,79725,51,8251,54,1,True,0,3,2,1,0,0,0,16
The Hateful Eight,85147,24,7.3,88787,52,7343,49,2,False,0,4,3,2,0,0,0,10
