title,year,status,imdb_id,subtitle_available,estimated_word_count,dialogue_line_count,avg_dialogue_length,longest_monologue_words,unique_character_count,sentiment_mean,sentiment_std,sentiment_peak,exclamation_ratio,question_ratio,profanity_score,vocabulary_richness,avg_sentence_complexity,humor_indicator,romance_indicator,violence_indicator,short_punchy_count,short_punchy_density,rare_proper_noun_count,sentiment_spike
The Big Lebowski,1998,success,tt0118715,True,12447.0,1768.0,7.040158371040724,19.0,0.0,-0.002327475503380481,0.08952863667598382,1.0,0.08993212669683258,0.19513574660633484,44.37987055871087,0.2653546427156254,5.773191094619666,1.981244221371021,3.3020737022850346,4.358737287016246,524.0,0.29638009049773756,371.0,1.0
Donnie Darko,2001,success,tt0246578,True,7848.0,1038.0,7.5606936416184976,25.0,0.0,-0.008959270004989327,0.13611217199710562,1.0,0.07707129094412331,0.21579961464354527,14.087656529516995,0.34973166368515207,6.523690773067331,0.8944543828264758,7.6028622540250455,4.472271914132379,248.0,0.23892100192678228,260.0,1.1666666666666667
Fight Club,1999,success,tt0137523,True,12862.0,1807.0,7.117874930824571,18.0,2.0,-0.013581451978291068,0.1184362063460139,1.0,0.11621472053126729,0.2097399003873824,13.761467889908257,0.3105774419859687,5.230581537210248,1.2142471667566108,3.3729087965461417,14.031300593631947,527.0,0.2916436081903708,403.0,1.1666666666666667
Office Space,1999,success,tt0151804,True,9512.0,1579.0,6.024065864471185,14.0,3.0,0.0004318248776766826,0.1237536768213207,1.0,0.030398986700443317,0.1785940468651045,11.576626240352812,0.2513781697905182,4.772704465629704,0.18375597206909225,2.0213156927600147,0.735023888276369,604.0,0.3825205826472451,171.0,1.0
Blade Runner,1982,success,tt0083658,True,4110.0,800.0,5.1375,17.0,4.0,-0.009017817252192252,0.18691249378831623,1.0,0.01625,0.235,1.1933174224343677,0.39697692919649963,4.164133738601824,1.1933174224343677,3.579952267303103,3.182179793158314,330.0,0.4125,208.0,1.0
The Thing,1982,success,tt0084787,True,4504.0,632.0,7.1265822784810124,18.0,0.0,-0.006547127920685255,0.10042835211230872,1.0,0.11867088607594936,0.21518987341772153,14.661654135338345,0.31466165413533836,5.3364928909952605,0.7518796992481204,1.1278195488721805,10.526315789473683,200.0,0.31645569620253167,138.0,1.0
The Shawshank Redemption,1994,success,tt0111161,True,11788.0,1801.0,6.545252637423654,20.0,0.0,0.0009174216999934739,0.12902759176499226,1.0,0.06218767351471405,0.15880066629650194,19.053202403634767,0.30177341345449216,5.826989619377162,1.172504763300601,3.517514289901803,5.862523816503004,665.0,0.36923931149361466,381.0,1.125
Scott Pilgrim vs. the World,2010,success,tt0446029,True,11291.0,1996.0,5.656813627254509,16.0,0.0,-0.0037025981978386787,0.14281771267153026,1.0,0.09168336673346693,0.2409819639278557,6.617420744844567,0.24592182209910743,5.2200647249190935,1.077254539858418,6.001846722068328,6.463527239150507,697.0,0.34919839679358716,291.0,1.1666666666666667
Clerks,1994,success,tt0109445,True,14361.0,1575.0,9.118095238095238,36.0,0.0,-0.0008808718514600868,0.0909962152494181,1.0,0.1111111111111111,0.3136507936507936,18.30110497237569,0.24263351749539594,6.235779418150239,1.6114180478821363,5.294659300184162,2.7624309392265194,211.0,0.13396825396825396,374.0,1.0
Pi,1998,success,tt0138704,True,3942.0,678.0,5.814159292035399,13.0,0.0,-0.005588401274241982,0.12062421610603771,1.0,0.10324483775811209,0.21091445427728614,9.39769329346433,0.4246048697137975,4.551963048498846,0.0,1.7086715079026058,1.2815036309269543,217.0,0.3200589970501475,190.0,1.0
Memento,2000,success,tt0209144,True,9475.0,1229.0,7.709519934906428,20.0,2.0,-0.0039338862634942665,0.10415777576681258,1.0,0.043124491456468676,0.24328722538649308,16.737957969127766,0.23265761577087596,5.129940443963184,0.7439092430723452,2.0457504184489492,8.55495629533197,315.0,0.2563059397884459,155.0,1.0
Primer,2004,success,tt0390384,True,9569.0,1052.0,9.096007604562738,18.0,0.0,8.954279461436708e-05,0.07840070556854538,1.0,0.0038022813688212928,0.27566539923954375,1.371742112482853,0.2908093278463649,6.137908915971777,0.9798157946306093,1.1757789535567313,1.5677052714089752,169.0,0.16064638783269963,164.0,1.0
Moon,2009,success,tt1182345,True,5535.0,884.0,6.26131221719457,19.0,0.0,0.0037113700151030467,0.10096132829002041,1.0,0.02262443438914027,0.23755656108597284,15.174506828528074,0.2955993930197269,4.973045822102426,1.2139605462822458,3.9453717754172986,4.552352048558422,330.0,0.3733031674208145,146.0,1.0
The Man from Earth,2007,success,tt0756683,True,10552.0,1938.0,5.444788441692467,15.0,1.0,-5.457791835500812e-05,0.13424634228268884,1.0,0.023735810113519093,0.16718266253869968,2.7178528962119923,0.3511126210293868,6.383545069570478,1.3589264481059962,2.5479870901987427,2.7178528962119923,744.0,0.38390092879256965,341.0,1.5
Coherence,2013,success,tt2866360,True,11708.0,1695.0,6.9073746312684365,18.0,1.0,-0.005103506784922714,0.10907703123376303,1.0,0.010619469026548672,0.27492625368731566,9.244750861798808,0.20291444688185523,4.627667984189723,1.5669069257286117,6.581009088060169,3.447195236602946,477.0,0.2814159292035398,183.0,1.1666666666666667
Napoleon Dynamite,2004,success,tt0374900,True,5310.0,876.0,6.061643835616438,16.0,1.0,0.014182687555975227,0.1909678323624037,1.0,0.03881278538812785,0.2408675799086758,1.9144862795149968,0.33726866624122526,5.554393305439331,0.6381620931716656,2.2335673261008298,2.5526483726866624,276.0,0.3150684931506849,173.0,1.1428571428571428
Mean Girls,2004,success,tt0377092,True,11714.0,1648.0,7.108009708737864,24.0,1.0,0.00897219016151055,0.14788939459063027,1.0,0.04854368932038835,0.20266990291262135,3.262158956109134,0.26186239620403323,5.922143579373104,1.631079478054567,5.634638196915777,1.1862396204033216,471.0,0.2858009708737864,276.0,1.3333333333333333
American Psycho,2000,success,tt0144084,True,8124.0,1170.0,6.943589743589744,18.0,0.0,-0.0027537218242346447,0.12783510073768242,1.0,0.021367521367521368,0.26324786324786326,9.631490787269682,0.3649497487437186,5.14828897338403,2.931323283082077,3.559463986599665,3.7688442211055273,348.0,0.29743589743589743,347.0,1.1666666666666667
Heathers,1988,success,tt0097493,True,8309.0,1261.0,6.589214908802537,19.0,2.0,-0.003545581770729879,0.12894729703392457,1.0,0.057097541633624106,0.17446471054718476,16.908212560386474,0.34863123993558776,6.242674680691209,1.4090177133655395,5.434782608695652,10.869565217391305,404.0,0.3203806502775575,301.0,1.0
Wet Hot American Summer,2001,success,tt0243655,True,8276.0,1137.0,7.278803869832894,18.0,0.0,0.001930516698481932,0.1245767288582238,1.0,0.1644678979771328,0.2102022867194371,10.49317943336831,0.3045120671563484,4.914489311163895,3.5676810073452256,9.233997901364113,2.308499475341028,334.0,0.2937554969217238,223.0,1.2
Idiocracy,2006,success,tt0387808,True,9041.0,1133.0,7.979699911738747,19.0,0.0,0.005682970554991737,0.09427849504422914,1.0,0.1412180052956752,0.21006178287731686,19.17600151889121,0.29086766660337954,5.142775881683732,0.0,4.746535029428517,2.278336814125688,299.0,0.263901147396293,239.0,1.125
The Boondock Saints,1999,success,tt0144117,True,9723.0,1317.0,7.382687927107061,19.0,0.0,-0.012388191210380678,0.08806844923619395,1.0,0.1609719058466211,0.1852695520121488,35.40903540903541,0.29740101168672595,5.404669260700389,5.4072911215768364,2.7908599337170763,14.477585906157334,381.0,0.28929384965831434,267.0,1.0
The Room,2003,success,tt0077315,True,7420.0,989.0,7.50252780586451,15.0,1.0,0.007225792968967893,0.13652144362482208,1.0,0.028311425682507583,0.12740141557128412,0.0,0.32378580323785805,7.196896217264792,0.0,7.970112079701121,16.43835616438356,242.0,0.24469160768452983,170.0,1.1666666666666667
The Princess Bride,1987,success,tt0093779,True,8684.0,1230.0,7.060162601626017,19.0,0.0,-0.009193820787209747,0.11646768173181775,1.0,0.0943089430894309,0.1796747967479675,0.21008403361344538,0.3262605042016807,5.871534820824881,1.2605042016806725,14.495798319327731,13.445378151260504,421.0,0.34227642276422765,225.0,1.0
Labyrinth,1986,success,tt0091369,True,7178.0,1246.0,5.76083467094703,17.0,0.0,-0.006741071929675461,0.14959368564102088,1.0,0.13001605136436598,0.18619582664526485,2.1994134897360706,0.23949169110459434,5.301329394387001,0.4887585532746823,12.218963831867057,1.466275659824047,426.0,0.3418940609951846,165.0,1.3333333333333333
The Dark Crystal,1982,success,tt0083791,True,3334.0,708.0,4.709039548022599,16.0,1.0,-0.004597507404710794,0.183732492924722,1.0,0.22598870056497175,0.1370056497175141,0.0,0.3192893401015228,3.5543710021321964,0.5076142131979696,5.583756345177664,13.197969543147208,387.0,0.5466101694915254,119.0,1.5
Tron,1982,success,tt0084827,True,5792.0,881.0,6.574347332576617,17.0,0.0,0.00296704067485933,0.15498599917436756,1.0,0.0771850170261067,0.15891032917139614,0.8635578583765112,0.3471502590673575,5.2750455373406195,1.1514104778353484,2.8785261945883707,3.454231433506045,290.0,0.32917139614074914,206.0,1.3333333333333333
Fear and Loathing in Las Vegas,1998,success,tt0120669,True,55071.0,1.0,55071.0,55071.0,0.0,0.0,0.0,0.0,1.0,1.0,0.0,0.0005287536219623104,22.994154488517744,0.0,0.0,0.0,0.0,0.0,0.0,0.0
Bring It On,2000,success,tt0204946,True,9127.0,1566.0,5.8282247765006385,16.0,3.0,0.01193943349115763,0.13442006300698167,1.0,0.1545338441890166,0.1417624521072797,9.044862518089724,0.28418958031837915,5.736643620364551,0.5426917510853836,5.426917510853835,1.9898697539797394,559.0,0.3569604086845466,266.0,1.5
Jennifer's Body,2009,success,tt1131734,True,8090.0,1190.0,6.798319327731092,28.0,0.0,-0.0029396311340141503,0.12565483060994997,1.0,0.06218487394957983,0.1773109243697479,9.005403241945167,0.3187912747648589,6.199233716475096,0.6003602161296778,7.2043225935561335,4.002401440864519,327.0,0.2747899159663866,271.0,1.0
Hocus Pocus,1993,success,tt0107120,True,6895.0,1251.0,5.511590727418065,19.0,0.0,0.0005540475000201337,0.14616950047258853,1.0,0.3269384492406075,0.15987210231814547,2.050113895216401,0.2945330296127563,3.8114980652294084,1.1389521640091116,7.289293849658315,8.88382687927107,507.0,0.4052757793764988,282.0,2.0
The Iron Giant,1999,success,tt0129167,True,5804.0,973.0,5.965056526207605,16.0,0.0,-0.0183968267087486,0.17263992130304692,1.0,0.20863309352517986,0.2117163412127441,2.0114942528735633,0.3135057471264368,4.267647058823529,0.28735632183908044,5.747126436781609,10.919540229885058,399.0,0.41007194244604317,223.0,1.6666666666666665
Treasure Planet,2002,success,tt0133240,True,7440.0,1340.0,5.552238805970149,14.0,0.0,0.0005955155955155955,0.11938916285969452,1.0,0.2380597014925373,0.1291044776119403,0.20933640360058617,0.317144651454888,4.787644787644788,0.41867280720117234,3.3493824576093787,2.5120368432070337,500.0,0.373134328358209,271.0,1.5
Children of Men,2006,success,tt0206634,True,7371.0,988.0,7.4605263157894735,19.0,0.0,-0.005502847602901187,0.1359820285680675,1.0,0.19129554655870445,0.21052631578947367,26.995846792801107,0.30226119058606365,4.3875,0.6922011998154131,10.613751730503,9.460083064143978,325.0,0.32894736842105265,246.0,1.5
Snatch,2000,no_subtitle,tt0208092,False,,,,,,,,,,,,,,,,,,,,
"Lock, Stock and Two Smoking Barrels",1998,success,tt0120735,True,10374.0,1513.0,6.8565763384005285,18.0,0.0,-0.005635822464969854,0.08236430636506784,1.0,0.05023132848645076,0.2293456708526107,27.134348113831898,0.26091992058239577,6.463551401869159,1.654533421575116,0.9927200529450695,8.107213765718067,463.0,0.30601454064771977,259.0,1.0
Trainspotting,1996,success,tt0117951,True,8269.0,1383.0,5.9790310918293565,14.0,1.0,-0.008154069759275833,0.1403455157651295,1.0,0.07447577729573392,0.22125813449023862,27.590435315757205,0.35234007766196607,6.0138181818181815,0.4087471898630697,6.33558144287758,3.065603923973023,442.0,0.3195950831525669,299.0,1.1111111111111112
Requiem for a Dream,2000,success,tt0180093,True,7163.0,1122.0,6.384135472370766,17.0,2.0,0.008693340478099837,0.1221272975579466,1.0,0.0035650623885918,0.2522281639928699,19.538606403013183,0.24034839924670434,4.571155073388641,0.0,9.651600753295668,2.1186440677966103,436.0,0.38859180035650626,153.0,1.0
Dredd,2012,success,tt1343727,True,4969.0,902.0,5.508869179600887,17.0,0.0,-0.00746125333154158,0.12629771868043194,1.0,0.05543237250554324,0.13636363636363635,20.174848688634835,0.37794216543375925,5.165280665280665,0.6724949562878278,1.3449899125756557,18.15736381977135,379.0,0.42017738359201773,263.0,1.3333333333333333
Edge of Tomorrow,2014,success,tt1631867,True,8226.0,1346.0,6.1114413075780085,16.0,0.0,-0.003650933637932152,0.12544256403026277,1.0,0.1537890044576523,0.16567607726597325,6.58030022619782,0.26629652477894306,4.700571428571428,0.8225375282747275,0.8225375282747275,17.47892247583796,573.0,0.42570579494799404,267.0,1.2
Blade Runner 2049,2017,success,tt1856101,True,5309.0,1110.0,4.782882882882883,14.0,1.0,0.0034974259974259975,0.14452483361627935,1.0,0.009009009009009009,0.17477477477477477,2.9930162953109414,0.3731293648154307,4.757168458781362,0.3325573661456601,7.981376787495843,6.651147322913203,508.0,0.45765765765765765,209.0,2.0
The Nice Guys,2016,success,tt3799694,True,11012.0,1867.0,5.898232458489556,16.0,0.0,-0.006641935699246894,0.10937989105818362,1.0,0.04499196572040707,0.23460096411355116,21.96958058073437,0.24212628667998157,4.746551724137931,1.0754340144415424,2.9190351820556155,10.754340144415425,658.0,0.35243706480985537,285.0,1.3333333333333333
Annihilation,2018,success,tt2798920,True,5032.0,914.0,5.5054704595186,15.0,1.0,-0.01678881233038782,0.16867241896264504,1.0,0.05908096280087528,0.2013129102844639,10.938602681721948,0.38073394495412843,4.629254829806808,0.35285815102328866,4.940014114326042,6.704304869442485,390.0,0.42669584245076586,169.0,1.3333333333333333
Sorry to Bother You,2018,success,tt5688932,True,11102.0,1827.0,6.076628352490421,15.0,1.0,0.007749405614758653,0.12654595630567728,1.0,0.11822660098522167,0.13738368910782703,47.935883865114164,0.27219113866626343,5.241737488196412,0.9073037955542114,6.804778466656586,2.2682594888855285,693.0,0.3793103448275862,330.0,1.0
Swiss Army Man,2016,success,tt4034354,True,6348.0,1081.0,5.872340425531915,17.0,1.0,-0.00930439177432702,0.1422722277408666,1.0,0.07215541165587419,0.1887141535615171,9.782001117942986,0.2649524874231414,5.254966887417218,2.515371716042482,6.987143655673561,4.192286193404136,349.0,0.3228492136910268,121.0,1.0
The Lighthouse,2019,success,tt7984734,True,4455.0,738.0,6.036585365853658,17.0,1.0,-0.019270888325766376,0.14673631551562355,1.0,0.13821138211382114,0.14769647696476965,11.900468806346916,0.41759826902271907,5.367469879518072,1.0818608005769925,2.163721601153985,4.688063469166967,277.0,0.37533875338753386,181.0,1.0833333333333333
Mandy,2018,success,tt6998518,True,2426.0,511.0,4.747553816046967,20.0,0.0,-0.007131985214176995,0.16309700908807506,1.0,0.03913894324853229,0.11545988258317025,9.796533534287867,0.5162019593067069,4.263620386643233,0.0,11.303692539562924,3.7678975131876413,289.0,0.5655577299412916,102.0,1.4
Hackers,1995,success,tt0113243,True,6292.0,1024.0,6.14453125,17.0,0.0,0.005007622585747586,0.13019838488261837,1.0,0.138671875,0.212890625,7.524454477050414,0.3982944569852019,4.814078041315991,0.0,3.0097817908201656,3.511412089290193,371.0,0.3623046875,390.0,1.0
Empire Records,1995,success,tt0112950,True,6862.0,1112.0,6.170863309352518,21.0,2.0,0.010662037998566609,0.1342137396094541,1.0,0.08003597122302158,0.256294964028777,9.70873786407767,0.2963719979560552,4.755370755370755,2.2994379151762905,8.686765457332651,3.832396525293817,409.0,0.36780575539568344,194.0,1.1
Dazed and Confused,1993,success,tt0106677,True,11122.0,1462.0,7.607387140902873,23.0,1.0,0.0023397483091040835,0.1021193899014837,1.0,0.16963064295485636,0.28317373461012313,21.917007597895967,0.22647574517825833,4.349628470864294,0.5844535359438924,3.652834599649328,2.6300409117475163,438.0,0.29958960328317374,324.0,1.1666666666666667
This Is Spinal Tap,1984,success,tt0088258,True,12020.0,1721.0,6.984311446833236,16.0,0.0,0.0021310054139804285,0.09804115605720365,1.0,0.04997094712376525,0.18768158047646716,7.315288953913679,0.26876371616678857,6.253902185223725,1.6093635698610094,5.70592538405267,1.1704462326261889,483.0,0.28065078442765834,343.0,1.0909090909090908
Brazil,1985,success,tt0088846,True,7582.0,1281.0,5.918813427010148,18.0,2.0,0.010681809949959833,0.162234905185324,1.0,0.1131928181108509,0.21155347384855583,5.985369097761028,0.32343161161604966,4.4943687018375815,0.6650410108623366,3.990246065174019,5.985369097761028,488.0,0.38095238095238093,231.0,2.0
Repo Man,1984,success,tt0087995,True,7374.0,1144.0,6.445804195804196,18.0,0.0,-0.007229740927293375,0.09410763097200199,1.0,0.125,0.24825174825174826,31.09836788707543,0.30569033965593295,4.9757085020242915,2.2055580061755626,4.190560211733568,6.6166740185266875,399.0,0.3487762237762238,257.0,1.0
Withnail and I,1987,success,tt0094336,True,10190.0,1306.0,7.802450229709035,19.0,0.0,-0.010964194574905321,0.08627268422996241,1.0,0.10183767228177641,0.20903522205206737,8.317449315543234,0.33910933980246055,5.408704883227176,2.5992029111072603,3.1190434933287126,6.58464737480506,344.0,0.26339969372128635,300.0,1.0
A Clockwork Orange,1971,no_subtitle,tt0066921,False,,,,,,,,,,,,,,,,,,,,
Eraserhead,1977,success,tt0074486,True,712.0,112.0,6.357142857142857,22.0,0.0,0.0070073527662813375,0.19843358637110609,1.0,0.13392857142857142,0.20535714285714285,17.3697270471464,0.5483870967741935,5.235294117647059,0.0,17.3697270471464,0.0,43.0,0.38392857142857145,39.0,1.0
Harold and Maude,1971,success,tt0067185,True,6007.0,1005.0,5.9771144278606965,16.0,0.0,0.004926496941422314,0.14345165235481733,1.0,0.0736318407960199,0.1771144278606965,3.0543677458766036,0.41967012828344535,4.935907970419064,1.5271838729383018,6.719609040928527,8.246792913866829,415.0,0.4129353233830846,230.0,1.3333333333333333
John Carter,2012,success,tt0401729,True,6561.0,1279.0,5.129788897576232,15.0,3.0,-0.02275199607099529,0.18057509810366398,1.0,0.1641907740422205,0.1164972634870993,2.737476047084588,0.3807829181494662,5.117784711388455,0.27374760470845877,9.3074185600876,13.139885026006022,553.0,0.4323690383111806,262.0,2.0
The Lone Ranger,2013,no_subtitle,tt1210819,False,,,,,,,,,,,,,,,,,,,,
Cutthroat Island,1995,success,tt0112760,True,6099.0,1011.0,6.032640949554896,16.0,0.0,-0.0005813781778173471,0.10752706680772904,1.0,0.2166172106824926,0.1543026706231454,1.8543046357615893,0.34119205298013244,4.365783822476736,0.0,4.768211920529802,8.47682119205298,436.0,0.43125618199802174,266.0,1.1666666666666667
Heaven's Gate,1980,no_subtitle,tt0080855,False,,,,,,,,,,,,,,,,,,,,
Waterworld,1995,success,tt0114898,True,6314.0,1014.0,6.226824457593688,19.0,0.0,-0.01613342633182522,0.1460810965211118,1.0,0.23865877712031558,0.21005917159763313,5.766062602965404,0.30615046677649643,4.145764937623112,0.8237232289950577,1.6474464579901154,7.962657880285557,393.0,0.3875739644970414,199.0,1.3333333333333333
Ishtar,1987,no_subtitle,tt0093278,False,,,,,,,,,,,,,,,,,,,,
Battlefield Earth,2000,success,tt0185183,True,6435.0,958.0,6.717118997912317,17.0,0.0,-0.004256637007158928,0.1390777919673679,1.0,0.09812108559498957,0.13674321503131523,3.6619718309859155,0.35774647887323946,5.615183246073299,0.5633802816901409,1.6901408450704227,13.80281690140845,348.0,0.36325678496868474,167.0,1.2
The Adventures of Pluto Nash,2002,no_subtitle,tt0180052,False,,,,,,,,,,,,,,,,,,,,
Mars Needs Moms,2011,success,tt1305591,True,6069.0,935.0,6.490909090909091,17.0,0.0,-0.015757943779334153,0.1584484741873968,1.0,0.2983957219251337,0.2374331550802139,0.0,0.2854705715098095,4.188405797101449,0.5686664771111742,6.539664486778505,4.833665055444982,305.0,0.32620320855614976,170.0,1.25
Gigli,2003,success,tt0299930,True,11721.0,2040.0,5.745588235294117,17.0,0.0,0.002841613043818926,0.15543891293862097,1.0,0.043137254901960784,0.20980392156862746,17.572118904671257,0.24615609898960317,5.495077355836849,0.8786059452335627,4.978767022990189,2.050080538878313,679.0,0.33284313725490194,214.0,1.125
Catwoman,2004,success,tt0327554,True,5282.0,796.0,6.635678391959799,17.0,0.0,-0.0019902068897043775,0.13381896243033561,1.0,0.06532663316582915,0.22487437185929648,1.6761649346295675,0.3556821991283942,4.771454381210479,0.3352329869259135,8.045591686221924,9.051290646999664,268.0,0.33668341708542715,179.0,1.0
The 13th Warrior,1999,success,tt0120657,True,3744.0,707.0,5.2956152758132955,16.0,0.0,-0.011990586813783418,0.110346371578088,1.0,0.14992927864214992,0.12164073550212164,1.4720314033366044,0.4224730127576055,4.610837438423645,0.4906771344455348,3.434739941118744,14.229636898920509,337.0,0.4766619519094767,190.0,1.0
Sahara,2005,success,tt0318649,True,7762.0,1204.0,6.446843853820598,17.0,1.0,-0.0023430949058758322,0.12698596887654276,1.0,0.08139534883720931,0.22508305647840532,4.468085106382979,0.3131914893617021,4.727161997563947,0.2127659574468085,1.9148936170212765,11.48936170212766,416.0,0.34551495016611294,267.0,1.0
Final Fantasy: The Spirits Within,2001,success,tt0173840,True,6416.0,932.0,6.884120171673819,21.0,0.0,0.008071127885410895,0.11905013331158737,1.0,0.07618025751072961,0.17703862660944206,4.122011541632316,0.3462489694971146,5.785392245266006,0.5496015388843088,2.1984061555372354,7.144820005496015,303.0,0.3251072961373391,195.0,1.2857142857142856
Speed Racer,2008,success,tt0811080,True,10429.0,1450.0,7.192413793103448,20.0,0.0,0.0011332230987403402,0.13146416753502868,1.0,0.11310344827586206,0.16206896551724137,1.2616306576249803,0.3125689954265889,5.483175604626709,0.9462229932187353,4.100299637281186,4.100299637281186,464.0,0.32,291.0,1.0769230769230769
Jupiter Ascending,2015,success,tt1617661,True,8459.0,1175.0,7.199148936170213,18.0,0.0,0.00411827568898908,0.138995305462491,1.0,0.06638297872340425,0.18638297872340426,4.591167468299082,0.35417577612592915,5.825757575757576,1.0931351114997814,6.340183646698732,8.089199825098381,360.0,0.30638297872340425,246.0,1.0588235294117647
Tomorrowland,2015,success,tt1964418,True,7789.0,1293.0,6.023975251353441,16.0,0.0,-0.005007538650230066,0.11484122247595437,1.0,0.07888631090487239,0.2482598607888631,2.506265664160401,0.32262474367737526,4.976996805111821,2.050580997949419,2.27842333105491,4.329004329004329,480.0,0.37122969837587005,246.0,1.2
The Golden Compass,2007,success,tt0385752,True,7686.0,1339.0,5.740104555638537,17.0,2.0,-0.012425015860415412,0.1375519452760808,1.0,0.09185959671396565,0.1553398058252427,0.2334812047630166,0.30095727293952834,5.18273769386379,0.7004436142890498,3.969180480971282,7.004436142890498,608.0,0.4540702016430172,184.0,1.2
Pan,2015,success,tt3332064,True,6104.0,1224.0,4.9869281045751634,14.0,2.0,-0.011254694833126206,0.16458020448794516,1.0,0.20261437908496732,0.15522875816993464,0.5662514156285391,0.32757644394110985,4.673813169984686,0.0,5.096262740656852,10.475651189127973,535.0,0.43709150326797386,239.0,1.3333333333333333
King Arthur: Legend of the Sword,2017,success,tt1972591,True,7237.0,1222.0,5.922258592471358,21.0,0.0,-0.011654917747870476,0.11695851857782927,1.0,0.11211129296235679,0.1783960720130933,1.991040318566451,0.3098556495769039,5.5541059094397545,1.4932802389248383,2.73768043802887,6.968641114982578,520.0,0.425531914893617,203.0,1.0
Valerian and the City of a Thousand Planets,2017,success,tt2239822,True,9946.0,1605.0,6.1968847352024925,20.0,0.0,0.010704287923914093,0.13946373973446255,1.0,0.06417445482866044,0.1750778816199377,1.0384215991692627,0.3094496365524403,5.382034632034632,1.3845621322256838,7.615091727241261,6.5766701280719975,602.0,0.3750778816199377,317.0,1.1111111111111112
Ben-Hur,2016,success,tt2638144,True,7501.0,1475.0,5.085423728813559,18.0,0.0,-0.006242473157727395,0.15785297430807593,1.0,0.2366101694915254,0.12745762711864406,0.23730422401518747,0.3023255813953488,4.41235294117647,0.0,5.695301376364499,18.272425249169437,706.0,0.4786440677966102,233.0,1.0
Monster Trucks,2016,success,tt3095734,True,5534.0,982.0,5.635437881873727,15.0,0.0,-0.012022894507619558,0.160250650825988,1.0,0.16191446028513237,0.19144602851323828,0.31338138514572234,0.32090253838921967,4.791341991341992,0.6267627702914447,2.5070510811657787,2.1936696960200566,369.0,0.3757637474541752,142.0,1.1666666666666667
A Wrinkle in Time,2018,success,tt1620680,True,6755.0,1433.0,4.713886950453594,13.0,0.0,0.0014942063441714523,0.1914685860688402,1.0,0.11933007676203769,0.15352407536636428,0.0,0.28615943910672553,4.2087227414330215,1.5580368735393406,12.983640612827836,2.077382498052454,727.0,0.5073272854152129,172.0,1.6666666666666665
Cats,2019,success,tt5697572,True,4984.0,830.0,6.004819277108433,13.0,0.0,-0.0007171108677132775,0.12925343605871095,1.0,0.03734939759036145,0.10602409638554217,0.3620564808110065,0.39608979000724115,12.681933842239186,0.3620564808110065,4.706734250543085,0.724112961622013,127.0,0.1530120481927711,148.0,1.0
The Happening,2008,success,tt0949731,True,6549.0,917.0,7.141766630316249,18.0,0.0,-0.00821801487014137,0.10525977693561865,1.0,0.08287895310796074,0.25190839694656486,1.0629816635663034,0.32341217114004783,5.5783645655877345,1.860217911241031,7.972362476747276,3.986181238373638,241.0,0.2628135223555071,196.0,1.25
Green Lantern,2011,success,tt1133985,True,6381.0,1007.0,6.336643495531281,17.0,0.0,-0.018351176427728797,0.16449781892201765,1.0,0.05660377358490566,0.15392254220456802,3.844041735310269,0.3561230093355299,5.200488997555012,0.8237232289950577,1.6474464579901154,8.511806699615597,377.0,0.3743793445878848,187.0,1.5
R.I.P.D.,2013,success,tt0790736,True,6699.0,1011.0,6.626112759643917,18.0,0.0,-0.005441961599231629,0.10929511386177107,1.0,0.09792284866468842,0.18100890207715134,14.8870636550308,0.3408624229979466,4.861393323657475,1.7967145790554415,4.876796714579056,7.4435318275154,396.0,0.3916913946587537,313.0,1.3333333333333333
47 Ronin,2013,success,tt1335975,True,3669.0,680.0,5.395588235294118,15.0,0.0,-0.017506084601672838,0.17683397970375236,1.0,0.1,0.08676470588235294,0.5274261603375527,0.41139240506329117,6.282534246575342,0.0,10.021097046413503,10.021097046413503,282.0,0.4147058823529412,117.0,1.2
Dark Phoenix,2019,success,tt6565702,True,6024.0,1125.0,5.354666666666667,17.0,1.0,-0.01560302747361571,0.20159469320395854,1.0,0.08,0.18133333333333335,1.8159806295399517,0.2820823244552058,4.684292379471229,0.6053268765133172,4.539951573849879,13.01452784503632,487.0,0.4328888888888889,145.0,2.0
Terminator: Dark Fate,2019,success,tt6450804,True,5226.0,1123.0,4.653606411398041,16.0,1.0,-0.002293360641535174,0.22927675991973254,1.0,0.1246660730186999,0.14692787177203917,14.285714285714285,0.3574750830564784,4.402695871946083,0.6644518272425249,1.6611295681063123,22.591362126245848,552.0,0.4915405164737311,213.0,2.0
Solo: A Star Wars Story,2018,success,tt3778644,True,10028.0,1925.0,5.209350649350649,18.0,3.0,-0.001705455439221673,0.1390508862779058,1.0,0.13558441558441559,0.14649350649350648,2.9219663114472327,0.28343073221038156,5.08777270421106,1.0312822275696114,3.093846682708835,6.359573736679271,882.0,0.4581818181818182,306.0,2.0
Babylon,2022,success,tt10640346,True,14273.0,2217.0,6.437979251240415,20.0,1.0,0.004736119430585636,0.14423800748446022,1.0,0.17636445647271087,0.22868741542625168,27.18537614248887,0.24584016873681744,4.63258682246024,1.0546051089758612,8.788375908132176,5.507382235762831,738.0,0.33288227334235454,439.0,1.3333333333333333
Amsterdam,2022,success,tt10304142,True,17375.0,2976.0,5.838373655913978,15.0,0.0,0.011148387156451672,0.12865633419331196,1.0,0.036290322580645164,0.14012096774193547,2.51994960100798,0.23047039059218816,5.592211136144191,0.41999160016799664,7.664846703065939,7.664846703065939,1114.0,0.3743279569892473,353.0,1.125
Strange World,2022,success,tt10298840,True,7501.0,1384.0,5.419797687861272,16.0,1.0,-0.004191077267305591,0.12460224138619394,1.0,0.05057803468208093,0.19219653179190752,0.0,0.27976053419295416,5.183828610919143,0.9210223347916187,7.82868984572876,8.058945429426664,541.0,0.3908959537572254,169.0,1.0
The Marvels,2023,success,tt10676048,True,7147.0,1374.0,5.201601164483261,14.0,0.0,-0.0063068380753970275,0.14182145193486367,1.0,0.08369723435225619,0.1717612809315866,3.9273441335297004,0.3136966126656848,4.720607661822985,0.0,3.681885125184094,4.66372115856652,557.0,0.4053857350800582,217.0,1.0
Mortal Engines,2018,success,tt1571234,True,6458.0,1323.0,4.881330309901738,14.0,0.0,-0.027659245516388372,0.15816821771971756,1.0,0.14436885865457294,0.1360544217687075,1.585204755614267,0.35402906208718626,4.3546864463924475,0.5284015852047556,2.113606340819022,11.624834874504623,667.0,0.5041572184429327,265.0,1.3333333333333333
Robin Hood,2018,success,tt4532826,True,7369.0,1370.0,5.378832116788321,14.0,0.0,-0.01132591050474262,0.14479600070194454,1.0,0.14087591240875913,0.11605839416058394,4.592700024172105,0.31834662799129804,5.586808188021228,0.7251631617113851,3.142373700749335,16.43703166545806,583.0,0.42554744525547444,244.0,1.25
The Nutcracker and the Four Realms,2018,success,tt5523010,True,5291.0,1131.0,4.67816091954023,13.0,1.0,0.003410637893396514,0.1644070848653108,1.0,0.1273209549071618,0.125552608311229,0.33344448149383127,0.3061020340113371,4.514505119453925,1.6672224074691564,5.001667222407469,3.6678892964321443,576.0,0.5092838196286472,177.0,1.25
Cleopatra,1963,success,tt0056937,True,8585.0,1285.0,6.680933852140078,17.0,0.0,-0.013281612782070552,0.13814349823126512,1.0,0.05758754863813229,0.16031128404669262,0.4478280340349306,0.32601880877742945,5.800675675675675,0.0,10.52395879982087,13.210927004030452,481.0,0.3743190661478599,208.0,1.25
The Blair Witch Project,1999,success,tt0185937,True,9771.0,1325.0,7.374339622641509,18.0,0.0,-0.0035265465204421917,0.1054108925732594,1.0,0.0739622641509434,0.20150943396226415,40.45945482599006,0.20315446596948397,5.492411467116358,3.428767358134751,3.085890622321276,3.428767358134751,357.0,0.26943396226415095,134.0,1.0
Paranormal Activity,2007,success,tt1179904,True,8141.0,1113.0,7.314465408805032,17.0,3.0,0.0003556217168077005,0.10766147549654832,1.0,0.10512129380053908,0.2722371967654987,14.220083132793699,0.22052067381316998,4.942926533090468,1.0938525486764386,4.594180704441042,0.6563115292058631,274.0,0.24618149146451032,127.0,1.0
Once,2007,success,tt0907657,True,5466.0,1105.0,4.946606334841629,14.0,1.0,0.021189680103707254,0.1969913200768398,1.0,0.005429864253393665,0.22805429864253393,10.904425914047467,0.26234765875561256,5.358823529411764,0.0,9.942270686337396,2.2450288646568315,379.0,0.3429864253393665,128.0,2.0
Little Miss Sunshine,2006,success,tt0449059,True,8265.0,1187.0,6.962931760741365,18.0,0.0,0.01594589534774876,0.14600030349923743,1.0,0.15669755686604886,0.2468407750631845,8.090614886731391,0.2530339805825243,4.393939393939394,1.4158576051779936,10.11326860841424,2.4271844660194173,338.0,0.2847514743049705,214.0,1.0
Juno,2007,success,tt0467406,True,11603.0,1904.0,6.094012605042017,16.0,0.0,0.0018895641006985544,0.11549983905458558,1.0,0.03361344537815126,0.17279411764705882,2.611768320786603,0.3031187586418805,6.825294117647059,0.9218005838070364,15.516976494085114,0.9218005838070364,550.0,0.28886554621848737,323.0,1.1111111111111112
Get Out,2017,success,tt5052448,True,6980.0,1232.0,5.665584415584416,17.0,0.0,0.0018186861256475465,0.16801576606131524,1.0,0.040584415584415584,0.22808441558441558,24.330900243309003,0.30875912408759126,4.553163731245923,0.9732360097323601,5.839416058394161,1.4598540145985401,470.0,0.3814935064935065,241.0,1.25
Hereditary,2018,success,tt7784604,True,5729.0,1020.0,5.616666666666666,13.0,0.0,-0.0014602935191170485,0.12830520065117795,1.0,0.09509803921568627,0.2284313725490196,9.35483870967742,0.3,4.6426256077795784,0.6451612903225806,10.0,4.193548387096774,364.0,0.3568627450980392,123.0,1.0
The Witch,2015,success,tt4263482,True,4902.0,810.0,6.051851851851852,15.0,1.0,-0.022286232286232287,0.13942570104257013,1.0,0.2308641975308642,0.18024691358024691,1.7895490336435218,0.3299928418038654,5.181818181818182,0.0,8.2319255547602,6.800286327845383,292.0,0.36049382716049383,107.0,1.2
It Follows,2014,success,tt3235888,True,12397.0,2.0,6198.5,9228.0,0.0,0.0,0.0,0.0,1.0,1.0,0.0,0.002348079271156194,16.44164456233422,0.0,0.0,0.0,0.0,0.0,0.0,0.0
Whiplash,2014,success,tt2582802,True,6005.0,911.0,6.59165751920966,19.0,1.0,0.005489752606859314,0.1392181543574353,1.0,0.036223929747530186,0.22722283205268934,31.54399557277255,0.29358052019922526,4.827170418006431,1.383508577753182,3.320420586607637,0.8301051466519093,302.0,0.33150384193194293,241.0,1.1428571428571428
Ex Machina,2014,success,tt0470752,True,6270.0,1165.0,5.381974248927039,16.0,0.0,0.0015170499505263455,0.18907012937274068,1.0,0.018025751072961373,0.21974248927038625,7.698887938408896,0.33532934131736525,5.345268542199489,1.4257199885942402,2.281151981750784,1.7108639863130881,386.0,0.3313304721030043,145.0,2.0
Lady Bird,2017,success,tt4925292,True,9389.0,1460.0,6.4308219178082195,18.0,1.0,0.014952081113442919,0.1587759581024329,1.0,0.045205479452054796,0.17602739726027397,4.658095770449041,0.2867523756288429,5.0751351351351355,2.0495621389975778,10.993106018259734,2.794857462269424,474.0,0.32465753424657534,277.0,1.3333333333333333
Moonlight,2016,success,tt4975722,True,5521.0,928.0,5.949353448275862,18.0,0.0,0.0009516525141525144,0.1279680866916314,1.0,0.05818965517241379,0.3017241379310345,36.01190476190476,0.22738095238095238,4.589359933499584,1.1904761904761907,8.630952380952381,2.3809523809523814,332.0,0.3577586206896552,147.0,1.0
The Florida Project,2017,success,tt5649144,True,10382.0,2044.0,5.079256360078278,16.0,0.0,0.009199310691482903,0.14322130128894453,1.0,0.19814090019569472,0.22602739726027396,20.982355746304247,0.23541567318391352,4.338487254492269,1.2716579240184391,5.404546177078365,0.9537434430138293,859.0,0.42025440313111545,274.0,1.0
Tangerine,2015,success,tt3824458,True,9374.0,1348.0,6.954005934718101,18.0,1.0,-0.000948672165289376,0.11576812836179237,1.0,0.14540059347181009,0.28264094955489616,71.21551081282625,0.2181208053691275,4.954545454545454,0.7457121551081282,6.33855331841909,1.1185682326621924,391.0,0.2900593471810089,197.0,1.125
Eighth Grade,2018,success,tt7014006,True,8233.0,1452.0,5.670110192837465,13.0,1.0,0.013145599044359375,0.1724144226956372,1.0,0.04269972451790634,0.13774104683195593,4.322455154527772,0.2066133563864275,4.894768133174792,3.0257186081694405,3.674086881348606,1.7289820618111087,495.0,0.3409090909090909,172.0,1.5
Saw,2004,success,tt0387564,True,6206.0,991.0,6.2623612512613525,19.0,2.0,-0.019090316567612228,0.135683297068332,1.0,0.15136226034308778,0.22199798183652875,15.612382234185734,0.2686406460296097,4.79969064191802,0.53835800807537,5.114401076716017,11.843876177658142,302.0,0.30474268415741673,136.0,1.0
Open Water,2003,success,tt0374102,True,16826.0,1.0,16826.0,16826.0,0.0,0.0,0.0,0.0,1.0,1.0,0.0,0.001698023500645249,16.626482213438734,0.0,0.0,0.0,0.0,0.0,0.0,0.0
Chronicle,2012,success,tt1706593,True,8956.0,1375.0,6.513454545454546,19.0,1.0,-0.0009491599309781128,0.1378317815592782,1.0,0.2581818181818182,0.2807272727272727,18.628768964855002,0.21336662185519492,3.819189765458422,1.7284424812752064,2.688688304205877,2.4966391396197425,482.0,0.35054545454545455,199.0,1.1428571428571428
District 9,2009,success,tt1136608,True,10113.0,1426.0,7.0918653576437585,17.0,1.0,0.002496724095602076,0.13012521274106123,1.0,0.07082748948106592,0.18863955119214587,27.471595726640665,0.25521451585551974,4.747887323943662,0.0,5.25691029336951,11.531287095133118,488.0,0.34221598877980364,207.0,1.0833333333333333
Looper,2012,success,tt1276104,True,6001.0,886.0,6.77313769751693,18.0,0.0,-0.012685652696939378,0.15334254103289421,1.0,0.10270880361173815,0.2020316027088036,21.14222954420648,0.2885777045579352,4.894779771615008,1.9220208676551345,5.766062602965404,12.630422844590884,279.0,0.3148984198645598,156.0,1.0
Brick,2005,success,tt0393109,True,8701.0,1320.0,6.591666666666667,19.0,0.0,-0.012051958983777165,0.14609502943815728,1.0,0.0659090909090909,0.19924242424242425,3.717472118959108,0.27137546468401486,5.769893899204244,0.0,2.4783147459727384,5.5762081784386615,409.0,0.3098484848484849,215.0,1.5
The Babadook,2014,success,tt2321549,True,4787.0,855.0,5.598830409356725,15.0,1.0,-0.014873547505126452,0.16686776204624318,1.0,0.14269005847953217,0.15789473684210525,2.59163272861903,0.31210662717512033,5.017819706498952,1.480932987782303,7.034431691965938,6.293965198074787,347.0,0.4058479532163743,118.0,1.1111111111111112
A Ghost Story,2017,success,tt6265828,True,2056.0,1.0,2056.0,2056.0,0.0,0.0,0.0,0.0,1.0,1.0,0.0,0.0983201581027668,21.872340425531913,0.0,0.0,0.0,0.0,0.0,6.0,0.0
Frances Ha,2012,no_subtitle,tt2347569,False,,,,,,,,,,,,,,,,,,,,
500 Days of Summer,2009,success,tt1022603,True,8270.0,1377.0,6.0058097312999275,17.0,0.0,0.0031959970957792304,0.15860367953489177,1.0,0.04212055192447349,0.19026870007262164,6.014102032351722,0.27975943591870595,5.338928340865074,1.8664454583160512,12.028204064703443,1.0369141435089175,389.0,0.2824981844589688,256.0,1.25
Lost in Translation,2003,success,tt0335266,True,5331.0,971.0,5.4902162718846546,18.0,0.0,0.029497182071847365,0.16935492886681028,1.0,0.0690010298661174,0.2399588053553038,1.2618296529968456,0.2921135646687697,3.902635431918009,1.8927444794952681,7.886435331230284,1.5772870662460567,363.0,0.37384140061791965,197.0,2.0
Garden State,2004,success,tt0333766,True,10684.0,1712.0,6.240654205607477,17.0,0.0,0.012475277026970951,0.1319129040280286,1.0,0.12675233644859812,0.15712616822429906,2.0840012824623275,0.2728438602116063,5.0301318267419965,1.7633857005450466,7.694773966014749,2.4046168643796086,629.0,0.36740654205607476,278.0,1.0
Booksmart,2019,success,tt1489887,True,11688.0,1869.0,6.253611556982343,18.0,1.0,-0.009090029680625469,0.15601599262018565,1.0,0.12306046013911183,0.20278223649010166,19.33579335793358,0.2690774907749077,4.505782575173478,1.918819188191882,6.199261992619927,3.2472324723247232,679.0,0.36329588014981273,326.0,1.0909090909090908
Uncut Gems,2019,success,tt5727208,True,17940.0,2339.0,7.6699444206926035,19.0,0.0,0.008316944919125338,0.10023594166530568,1.0,0.09234715690466011,0.2791791363830697,57.53398430021061,0.17087880528431937,4.373476352998537,1.7231476163124642,5.265173272065863,3.5420256557533984,638.0,0.27276613937580163,353.0,1.4
Good Time,2017,no_subtitle,tt4846232,False,,,,,,,,,,,,,,,,,,,,
The Lobster,2015,success,tt3464902,True,8361.0,1177.0,7.103653355989804,19.0,2.0,0.005557385905111008,0.1767514985142668,1.0,0.0,0.13254035683942225,1.3163668275559457,0.3189995612110575,7.5528455284552845,1.3163668275559457,12.066695919262834,9.214567792891618,346.0,0.2939677145284622,206.0,1.1666666666666667
Amelie,2001,success,tt0211915,True,5712.0,1074.0,5.318435754189944,14.0,6.0,0.00037196922671782994,0.1318625387070337,1.0,0.11266294227188083,0.14432029795158285,0.5648121999435188,0.47811352725218864,5.540252182347236,2.8240609997175943,12.143462298785654,3.9536853996046317,421.0,0.3919925512104283,345.0,1.5
Oldboy,2003,success,tt0364569,True,5985.0,921.0,6.498371335504886,16.0,0.0,-0.0027406737911623903,0.11091253919040366,1.0,0.06080347448425624,0.24212812160694897,13.241220495106505,0.3517559009786989,5.990990990990991,1.4392630972941853,3.454231433506045,8.059873344847437,272.0,0.2953311617806732,224.0,1.0
Pan's Labyrinth,2006,success,tt0457430,True,5752.0,968.0,5.9421487603305785,17.0,0.0,-0.003023576650217389,0.15457179928775466,1.0,0.11466942148760331,0.14049586776859505,7.675087943716021,0.35976974736168854,5.552123552123552,0.3197953309881676,3.517748640869843,7.675087943716021,360.0,0.371900826446281,180.0,1.2
City of God,2002,success,tt0317248,True,9483.0,1387.0,6.837058399423215,16.0,0.0,-0.007126113092227007,0.09998196218056316,1.0,0.15717375630857966,0.24224945926459984,21.57497303128371,0.2626752966558792,4.7296758104738155,1.2585400934915498,5.753326141675656,17.080186983099605,453.0,0.32660418168709443,254.0,1.0
Akira,1988,success,tt0094625,True,8335.0,1303.0,6.396776669224866,19.0,0.0,-0.01746722759430989,0.11200104015850634,1.0,0.31619339984650807,0.2709132770529547,12.482095355023532,0.31900961735215877,4.572133845309929,0.8184980560671169,3.887865766318805,9.617352158788622,432.0,0.33154259401381425,211.0,1.3333333333333333
Princess Mononoke,1997,success,tt0119698,True,6044.0,1080.0,5.5962962962962965,16.0,1.0,-0.022144744401688846,0.13445414788291984,1.0,0.3074074074074074,0.13425925925925927,0.27731558513588467,0.310038824181919,4.483679525222552,0.0,3.327787021630616,18.857459789240156,517.0,0.4787037037037037,215.0,1.0
Drive,2011,success,tt0780504,True,4682.0,827.0,5.66142684401451,16.0,0.0,0.005256167317836,0.14335150534494928,1.0,0.02902055622732769,0.20314389359129384,16.184971098265894,0.33911368015414256,5.431554524361949,0.0,3.468208092485549,4.238921001926782,297.0,0.3591293833131802,176.0,1.0
Burning,2018,success,tt7282468,True,5668.0,1006.0,5.634194831013916,18.0,2.0,0.017520369935292168,0.15668972857114918,1.0,0.039761431411530816,0.23658051689860835,0.930232558139535,0.351937984496124,5.398095238095238,0.31007751937984496,2.4806201550387597,1.2403100775193798,363.0,0.36083499005964215,218.0,1.1666666666666667
A Separation,2011,success,tt1832382,True,37145.0,1.0,37145.0,37145.0,0.0,0.0,0.0,0.0,1.0,1.0,0.0,0.0007836744929626031,18.119512195121953,0.0,0.0,0.0,0.0,0.0,0.0,0.0
Enter the Void,2009,success,tt1191111,True,5321.0,934.0,5.697002141327623,16.0,0.0,-0.019607431291050133,0.16651802803774063,1.0,0.27944325481798715,0.2944325481798715,40.970173713536546,0.2523762700753851,4.401157981803143,0.6555227794165848,8.5217961324156,10.81612586037365,326.0,0.3490364025695932,107.0,1.1
Spring Breakers,2012,success,tt2101441,True,6303.0,1021.0,6.173359451518119,20.0,0.0,-0.0015822730239104037,0.1427107872279877,1.0,0.10969637610186092,0.178256611165524,36.66578739118966,0.25639672909522554,4.966903073286052,0.2637826431020839,14.24426272751253,6.594566077552098,376.0,0.3682664054848188,189.0,1.1111111111111112
Nightcrawler,2014,success,tt2872718,True,11799.0,1447.0,8.15411195577056,21.0,1.0,0.005673798703388053,0.08836806243290157,1.0,0.0580511402902557,0.16447823082239116,12.835304297663686,0.2842515142774733,5.995426829268292,0.14421690222094027,2.163253533314104,7.499278915488896,334.0,0.23082239115411196,384.0,1.1
Birdman,2014,success,tt2562232,True,11041.0,1793.0,6.157836029001674,17.0,1.0,0.0024284193947262745,0.12543444638043696,1.0,0.1260457334076966,0.21862799776910205,25.204687750842833,0.2722748434740729,4.9756647138350605,3.692406485792262,10.595601220099534,6.421576497030021,651.0,0.3630786391522588,271.0,1.1666666666666667
Her,2013,success,tt1798709,True,11634.0,1695.0,6.863716814159292,20.0,0.0,0.017721862388017626,0.1516148369264795,1.0,0.018289085545722714,0.20943952802359883,7.638252367858234,0.21402383134738773,5.245266005410279,2.9025358997861286,16.193095019859456,2.5970058050717997,550.0,0.32448377581120946,193.0,1.2
The Grand Budapest Hotel,2014,success,tt2278388,True,8811.0,1337.0,6.590127150336574,17.0,0.0,0.007535267856883414,0.11976906423957272,1.0,0.03889304412864622,0.14958863126402394,6.780317706315381,0.4312282061216583,6.97624703087886,0.7748934521503293,5.424254165052305,5.230530802014723,398.0,0.29768137621540763,317.0,1.0
Eternal Sunshine of the Spotless Mind,2004,success,tt0338013,True,8703.0,1434.0,6.069037656903766,16.0,0.0,0.00645132025885164,0.14184282274006385,1.0,0.04951185495118549,0.200836820083682,9.305088101366065,0.2520293011284894,5.004600345025877,0.593941793704217,10.690952286675905,1.3858641853098397,581.0,0.405160390516039,210.0,1.0
There Will Be Blood,2007,success,tt0469494,True,9421.0,1308.0,7.2025993883792045,17.0,2.0,0.02246140360009761,0.16992494706139025,1.0,0.07492354740061162,0.22477064220183487,2.1585557299843012,0.2521585557299843,5.506136762127411,0.5886970172684458,2.7472527472527473,2.7472527472527473,375.0,0.286697247706422,212.0,1.3333333333333333
No Country for Old Men,2007,success,tt0477348,True,6736.0,920.0,7.321739130434783,17.0,1.0,-0.00430795955252477,0.08625508846293017,0.6666666666666666,0.015217391304347827,0.3,5.3064473335102145,0.3289997346776333,5.59468438538206,0.26532236667551073,2.122578933404086,8.755638100291854,235.0,0.2554347826086957,218.0,0.6666666666666666
Donnie Brasco,1997,success,tt0119008,True,13466.0,1733.0,7.770340450086555,19.0,0.0,0.001030486968162825,0.08504167442750658,1.0,0.04731679169070975,0.32198499711482975,29.385687143761874,0.20025332488917036,5.157410953657602,1.6466117796073465,3.7998733375554146,4.053198226725776,445.0,0.2567801500288517,288.0,1.0
Gattaca,1997,success,tt0119177,True,6062.0,866.0,7.0,18.0,0.0,-0.0020049779576338466,0.10375006901021334,1.0,0.04041570438799076,0.22055427251732102,1.7626321974148063,0.37426556991774385,5.660130718954249,0.5875440658049353,5.581668625146886,3.8190364277320796,299.0,0.34526558891454967,138.0,1.5
Event Horizon,1997,success,tt0119081,True,6464.0,1011.0,6.393669634025717,20.0,2.0,-0.0033617333320597412,0.13991994906506727,1.0,0.0771513353115727,0.1661721068249258,15.625,0.29763104838709675,4.759941089837997,0.25201612903225806,4.536290322580646,5.292338709677419,354.0,0.35014836795252224,192.0,2.0
Dark City,1998,success,tt0118929,True,5602.0,781.0,7.172855313700384,16.0,0.0,-0.0026886934377331304,0.08193297155151472,0.6666666666666666,0.04865556978233035,0.23175416133162613,1.3080444735120995,0.3407455853499019,5.015219337511191,1.962066710268149,4.251144538914323,4.905166775670373,243.0,0.3111395646606914,134.0,0.8666666666666667
The Fountain,2006,success,tt0414993,True,3391.0,609.0,5.568144499178982,20.0,1.0,-0.03607133379300867,0.19956283245386397,1.0,0.09195402298850575,0.18883415435139572,2.5316455696202533,0.4217721518987342,3.9847238542890717,1.5189873417721518,7.594936708860759,5.063291139240507,247.0,0.40558292282430214,150.0,1.3333333333333333
Sunshine,2007,success,tt0448134,True,5062.0,919.0,5.50816104461371,17.0,0.0,-0.001144717330789148,0.16075158018429214,1.0,0.001088139281828074,0.1458106637649619,6.921555702043507,0.35596572181938035,4.678373382624769,0.3295978905735003,4.614370468029005,5.932762030323006,421.0,0.4581066376496192,197.0,1.0909090909090908
Grindhouse,2007,no_subtitle,tt0462322,False,,,,,,,,,,,,,,,,,,,,
MacGruber,2010,success,tt1470023,True,8944.0,1512.0,5.915343915343915,30.0,0.0,0.001093898936160841,0.15202185211638716,1.0,0.12169312169312169,0.1541005291005291,21.484375,0.2724609375,4.829373650107992,0.390625,6.0546875,10.546875,652.0,0.4312169312169312,240.0,1.1666666666666667
Kung Fury,2015,success,tt3472226,True,1733.0,293.0,5.914675767918089,13.0,1.0,-0.004397290233467708,0.1160104131656617,1.0,0.11945392491467577,0.12627986348122866,20.192307692307693,0.4798076923076923,7.806306306306307,0.9615384615384616,2.8846153846153846,16.346153846153847,94.0,0.32081911262798635,135.0,1.0
