title,year,realized_circ,n_quotes
101 Dalmatians,1961,7.609661202658297,4
47 Ronin,2013,6.6053520309365465,4
500 Days of Summer,2009,6.730542574915361,4
A Bug's Life,1998,8.820021922361022,4
A Clockwork Orange,1971,7.861247860881669,4
A Ghost Story,2017,4.119238632891554,4
A Separation,2011,5.466269061853598,4
Akira,1988,6.008300082743009,4
Aladdin,1992,5.595202956999642,4
Amelie,2001,7.351087594026317,4
American Psycho,2000,9.00168051013336,4
Amsterdam,2022,3.2149919524613755,3
Annihilation,2018,4.580297536546987,4
Ant-Man,2015,3.9379062363781405,4
Apollo 13,1995,8.63193831303046,4
Aquaman,2018,5.903448313934814,4
Avatar,2009,10.831861655548392,4
Avatar: The Way of Water,2022,9.060583698336233,4
Avengers: Age of Ultron,2015,11.434254970456678,4
Avengers: Infinity War,2018,10.302678643077503,4
Babylon,2022,5.989236723032512,4
Barbie,2023,9.045283610101292,4
Batman Begins,2005,6.478193957851523,4
Batman v Superman: Dawn of Justice,2016,6.083639125984423,4
Battlefield Earth,2000,4.964389044929889,4
Beauty and the Beast (1991),1991,6.520512888695247,4
Beauty and the Beast (2017),2017,7.238734337936616,4
Ben-Hur,2016,6.7912214627261855,1
Big Hero 6,2014,10.025642966795546,4
Birdman,2014,6.10421458323971,4
Black Panther: Wakanda Forever,2022,5.002046576899531,4
Black Widow,2021,7.9421673175789715,4
Blade Runner,1982,6.47241301109879,4
Booksmart,2019,5.13824146069235,4
Brazil,1985,4.827556825245275,4
Brick,2005,4.982721596150969,4
Bumblebee,2018,8.289907486685925,4
Burning,2018,7.471064225068999,4
Captain America: Civil War,2016,10.004534690887686,4
Captain America: The First Avenger,2011,5.2750988362023525,4
Captain America: The Winter Soldier,2014,8.650548740499536,4
Captain Marvel,2019,9.782062235706878,4
Cars 2,2011,11.494864580199014,4
Cars 3,2017,5.548673790372809,4
Cats,2019,4.5218686166155075,4
Catwoman,2004,7.150643142892544,4
Charlotte's Web,2006,2.3150170212419448,4
Children of Men,2006,7.504425524009939,4
Chronicle,2012,7.824100435724951,4
Cinderella,1950,10.365639836178833,4
City of God,2002,6.67710528448666,4
Cleopatra,1963,6.806140895078793,4
Clerks,1994,9.434483496004784,4
Coco,2017,9.99688045040454,3
Coherence,2013,4.742165466248378,4
Dark City,1998,6.908129486523255,4
Deadpool,2016,6.735641623869143,4
Deadpool 2,2018,6.88039814086278,4
Despicable Me,2010,5.868890031857622,4
Despicable Me 2,2013,7.531487745361239,4
Despicable Me 3,2017,2.2364347800860997,4
District 9,2009,5.913144110480684,4
Doctor Strange in the Multiverse of Madness,2022,5.739770582258818,4
Donnie Brasco,1997,6.368097046195882,4
Donnie Darko,2001,8.341033350282173,4
Dredd,2012,8.352720039756845,4
Drive,2011,8.401422340791717,4
Dune,2021,3.556194410802886,4
Dune: Part Two,2024,5.868037307713973,4
Edge of Tomorrow,2014,9.211817292266447,3
Eighth Grade,2018,3.0015151529988615,3
Elemental,2023,7.540019288070024,4
Empire Records,1995,9.820130241632159,4
Eternal Sunshine of the Spotless Mind,2004,8.590088701926897,4
Eternals,2021,6.4910904774795,4
Ex Machina,2014,8.82096242367299,4
Fear and Loathing in Las Vegas,1998,7.567093595533596,4
Fight Club,1999,8.365804959361192,4
Final Fantasy: The Spirits Within,2001,6.329704955751513,4
Finding Dory,2016,9.630339199615447,4
Finding Nemo,2003,8.79497643168877,1
Frances Ha,2012,9.077615782551653,4
Frozen II,2019,6.218459841240324,4
Furious 7,2015,11.074769825952409,4
Gattaca,1997,8.250592635123098,4
Get Out,2017,9.37843345716392,4
Godzilla,2014,7.6620493479948495,4
Godzilla vs. Kong,2021,8.882945123838075,4
Godzilla x Kong: The New Empire,2024,7.316141049640051,4
Godzilla: King of the Monsters,2019,6.167808067105336,4
Good Time,2017,6.684169636453444,4
Green Lantern,2011,5.017090701184354,4
Grindhouse,2007,6.295160051571433,4
Guardians of the Galaxy,2014,5.326244986023939,4
Guardians of the Galaxy Vol. 2,2017,7.911723941248546,4
Guardians of the Galaxy Vol. 3,2023,6.098315393256114,4
Hackers,1995,7.399011322753573,4
Harold and Maude,1971,7.115582126184454,1
Harry Potter and the Deathly Hallows – Part 2,2011,7.277417683930961,4
Heathers,1988,9.480561642579458,4
Heaven's Gate,1980,3.092167524743284,4
Her,2013,11.952940567963111,4
Hereditary,2018,11.054630351736137,2
Hocus Pocus,1993,14.04662307257814,1
Hop,2011,7.917388355480564,4
Horton Hears a Who!,2008,8.996073772553812,4
How to Train Your Dragon,2010,10.083199163734307,4
How to Train Your Dragon 2,2014,10.534030779325468,4
Ice Age: Collision Course,2016,9.340782365100905,4
Ice Age: Continental Drift,2012,2.4021257638240843,4
Ice Age: Dawn of the Dinosaurs,2009,3.4259582350244773,4
Ice Age: The Meltdown,2006,6.592957145187125,4
Idiocracy,2006,4.5614530626601475,4
Inception,2010,6.828634386265136,4
Incredibles 2,2018,9.903733088286755,4
Inglourious Basterds,2009,6.7374604754841725,4
Inside Out 2,2024,9.195013282840636,4
Interstellar,2014,9.459653877241736,4
Iron Man,2008,8.882109169362545,4
Iron Man 2,2010,8.882109169362545,4
Iron Man 3,2013,8.376666716890112,4
Jennifer's Body,2009,9.22716011407031,4
John Carter,2012,3.848325435045121,4
Juno,2007,7.477190319754662,4
Jupiter Ascending,2015,6.486024535064082,4
Jurassic Park,1993,8.314844492758652,4
Jurassic Park III,2001,4.69418028089506,3
Jurassic World,2015,4.9636579889577,3
Jurassic World Dominion,2022,5.424344730590054,4
Justice League,2017,6.545615480638247,4
King Arthur: Legend of the Sword,2017,6.763704027227714,4
Kung Fu Panda,2008,4.596868324232277,4
Kung Fu Panda 2,2011,14.206318280777587,4
Kung Fu Panda 3,2016,12.925487020633573,4
Labyrinth,1986,7.313704259918464,4
Lady Bird,2017,6.454059337640145,4
Lightyear,2022,7.105839717087227,4
Little Miss Sunshine,2006,10.48763785268669,4
"Lock, Stock and Two Smoking Barrels",1998,3.214214044679302,4
Logan,2017,7.713195100356945,4
Looper,2012,7.402453675527671,4
Lost in Translation,2003,5.792164106772668,4
MacGruber,2010,6.895419903687845,4
Madagascar,2005,6.341668907228183,4
Madagascar 2,2008,6.341668907228183,4
Man of Steel,2013,11.056638176721222,4
Mandy,2018,7.002808880724499,4
Mars Needs Moms,2011,4.059097480034483,4
Megamind,2010,9.297826573936531,4
Memento,2000,6.600086770406456,4
Minions,2015,8.081465260170184,4
Moana,2016,4.171657940702473,2
Monster Trucks,2016,5.402328420986574,4
Monsters University,2013,5.401276648719787,4
"Monsters, Inc.",2001,9.962959621183986,4
Moonlight,2016,8.88903232502292,4
Mortal Engines,2018,6.359345842098506,4
Mulan,1998,9.241054832311187,4
Napoleon Dynamite,2004,8.580882972781536,4
Nightcrawler,2014,7.580063709151678,4
No Country for Old Men,2007,10.701585935472304,4
Office Space,1999,8.845090308771203,4
Oldboy,2003,7.5381260589723835,4
Once Upon a Time in Hollywood,2019,6.978167857355886,4
Oppenheimer,2023,5.991912163099962,4
Pan,2015,7.771410008738228,4
Pan's Labyrinth,2006,4.899306579320917,4
Paranormal Activity,2007,8.465303263607876,4
Pi,1998,6.006846652153229,4
Pirates of the Caribbean: Dead Man's Chest,2006,6.06784460066113,4
Pirates of the Caribbean: Dead Men Tell No Tales,2017,6.375326540885585,4
Pirates of the Caribbean: The Curse of the Black Pearl,2003,8.686519980614127,4
Primer,2004,6.629778348628707,4
Pulp Fiction,1994,8.39346856743339,4
Rampage,2018,6.482375560322598,4
Rango,2011,6.788869966180453,4
Ratatouille,2007,5.556762785285954,4
Repo Man,1984,6.4947793789057755,4
Requiem for a Dream,2000,7.813443933284301,4
Rio 2,2014,9.724078565096445,4
Rise of the Guardians,2012,5.853246649053787,4
Robin Hood,2018,6.284632074653565,4
Sahara,2005,8.249533011307088,4
Saw,2004,10.925432896110584,4
Scott Pilgrim vs. the World,2010,8.64544129646861,4
Shang-Chi and the Legend of the Ten Rings,2021,5.045478017214166,4
Shazam! Fury of the Gods,2023,6.28152020491908,4
Shrek,2001,9.10641310952395,4
Shrek 2,2004,6.519504603292106,4
Shrek Forever After,2010,7.018509926559521,4
Shrek the Third,2007,7.112551770357769,4
Sing,2016,6.572181093490034,4
Sing 2,2021,5.961966276453751,4
Snow White and the Seven Dwarfs,1937,7.494790283416193,4
Solo: A Star Wars Story,2018,9.855662367835983,4
Speed Racer,2008,6.034111131558361,4
Spider-Man,2002,4.8767088060956105,4
Spider-Man 2,2004,4.8767088060956105,4
Spider-Man 3,2007,8.694807190413838,4
Spider-Man: Far From Home,2019,7.858547803809874,4
Spider-Man: Homecoming,2017,4.674355020620477,2
Spider-Man: No Way Home,2021,9.047713036690034,4
Spring Breakers,2012,11.225123052868819,4
Star Wars: The Force Awakens,2015,10.391315354335246,4
Star Wars: The Last Jedi,2017,10.370244564944157,4
Sunshine,2007,3.0206907851023597,4
Swiss Army Man,2016,3.77108475661372,4
Tangerine,2015,10.816366864043875,2
Tangled,2010,8.511028931860606,4
Terminator: Dark Fate,2019,7.260646138459369,4
The Adventures of Pluto Nash,2002,3.734922846443021,4
The Amazing Spider-Man,2012,8.450049965085139,4
The Blair Witch Project,1999,3.7306035654766823,4
The Book of Life,2014,6.142810000250994,4
The Boondock Saints,1999,7.421378044137857,2
The Croods,2013,7.442714808882241,4
The Croods: A New Age,2020,6.800872991766416,4
The Dark Crystal,1982,3.0755357814800184,4
The Dark Knight,2008,10.912745003112535,4
The Dark Knight Rises,2012,8.805642472457013,4
The Fate of the Furious,2017,10.183451147339111,4
The Flash,2023,4.211160625714496,4
The Fountain,2006,8.176000050393496,4
The Happening,2008,7.643149384226285,4
The Hateful Eight,2015,6.123771754606811,4
The Incredibles,2004,6.126644478047713,4
The Iron Giant,1999,8.795197511459424,4
The Jungle Book,1967,3.8300902581351406,4
The Lighthouse,2019,5.255477376280835,4
The Lion King (2019),2019,7.84706150427775,4
The Lone Ranger,2013,8.698695800949102,4
The Lost World: Jurassic Park,1997,6.474463441546443,4
The Marvels,2023,4.658111054823155,4
The Mummy Returns,2001,6.88913206092315,4
The Mummy: Tomb of the Dragon Emperor,2008,3.525511353796357,4
The Nice Guys,2016,5.932620831318275,4
The Princess Bride,1987,7.524103210862364,4
The Revenant,2015,7.551326037095447,4
The Secret Life of Pets 2,2019,6.864309953844686,4
The Thing,1982,8.074316458853295,4
The Witch,2015,10.144530933060723,4
The Wolf of Wall Street,2013,9.049748826031339,4
The Wolverine,2013,7.969535190312068,4
There Will Be Blood,2007,8.807488955688129,4
This Is Spinal Tap,1984,9.451255185396684,4
Thor,2011,4.479965804335097,4
Thor: Love and Thunder,2022,7.607909655822085,4
Thor: The Dark World,2013,8.255073410782854,4
Titanic,1997,8.26401306347143,4
Tomorrowland,2015,9.639670921490945,4
Top Gun: Maverick,2022,8.745066865097382,4
Toy Story,1995,13.869017984429817,4
Toy Story 2,1999,7.011691599039458,4
Toy Story 3,2010,8.531780687868096,4
Toy Story 4,2019,12.488164030918965,4
Trainspotting,1996,2.412832280298122,4
Transformers,2007,7.0194125356673025,4
Transformers: Age of Extinction,2014,4.8737048717817295,4
Transformers: Dark of the Moon,2011,10.486266705509532,4
Transformers: Revenge of the Fallen,2009,7.2668089821410256,4
Treasure Planet,2002,4.846977422438573,4
Trolls World Tour,2020,4.651484054651843,4
Tron,1982,9.381005625283706,4
Turning Red,2022,4.172658015953341,4
Uncut Gems,2019,7.760048911455388,4
Up,2009,10.958122601260898,4
Valerian and the City of a Thousand Planets,2017,8.229614796941224,4
Venom: Let There Be Carnage,2021,5.6410184262103895,4
Waterworld,1995,5.338421755051374,4
Wet Hot American Summer,2001,8.137649039095587,4
Whiplash,2014,6.788836696581061,4
Wish,2023,6.836004416640056,4
Withnail and I,1987,8.661699931784764,4
Wonder Woman,2017,8.850589785547598,4
Wonder Woman 1984,2020,8.951601370323234,4
Wreck-It Ralph,2012,7.7126256834676985,4
X-Men: Apocalypse,2016,10.979853444994575,4
X-Men: Days of Future Past,2014,11.46499862716773,4
X-Men: The Last Stand,2006,9.001662381008343,4
Zootopia,2016,9.582422732362657,4
