title,year,n_quotes_measured,circ_sum,circ_top3,circ_max
101 Dalmatians,1961,4.0,10.098889848868613,7.773540128608531,10.016860879703811
47 Ronin,2013,4.0,8.626764827845529,6.6053520309365465,8.493105395887147
500 Days of Summer,2009,4.0,8.196436811235028,6.730542574915361,7.719129840906732
A Bug's Life,1998,4.0,16.937977283437135,9.794526352402109,16.937875526504495
A Clockwork Orange,1971,4.0,9.462576597493666,7.861247860881669,9.036106025364846
A Ghost Story,2017,4.0,7.7702232041587855,4.119238632891554,7.762596048540069
A Separation,2011,4.0,11.253934504509804,5.669537914407612,11.252871529635922
Akira,1988,4.0,9.33846969968671,6.008300082743009,9.170663554823284
Aladdin,1992,4.0,11.323216689742257,5.595202956999642,11.321777065973317
Amelie,2001,4.0,8.644178203170727,7.351087594026317,8.000014093678072
American Psycho,2000,4.0,10.506737377491612,9.00168051013336,10.047631185616188
Amsterdam,2022,3.0,4.430816798843313,3.2149919524613755,3.6635616461296463
Annihilation,2018,4.0,6.487684018484611,4.580297536546987,5.820082930352362
Ant-Man,2015,4.0,6.878326468291325,3.9379062363781405,6.823286122355687
Apollo 13,1995,4.0,15.179464213590771,9.513161045672922,15.179048187715992
Aquaman,2018,4.0,13.278633523860242,8.01016851502172,13.277657974137664
Avatar,2009,4.0,18.997338871299423,11.841094440623452,18.997294113874336
Avatar: The Way of Water,2022,4.0,11.711464799787016,9.060583698336233,11.661354090741
Avengers: Age of Ultron,2015,4.0,12.874932256458772,11.584915853803366,12.35017731849889
Avengers: Endgame,2019,4.0,13.192823704984052,12.006439913300435,12.328294703023396
Avengers: Infinity War,2018,4.0,12.544724647592751,10.882913101245256,12.160033942617156
Babylon,2022,4.0,7.537962659768208,5.989236723032512,6.80128303447162
Barbie,2023,4.0,11.26345077190963,9.045283610101292,11.167628403875849
Batman Begins,2005,4.0,12.274623419306332,6.478193957851523,12.273735966890268
Batman v Superman: Dawn of Justice,2016,4.0,7.309212365692763,6.083639125984423,6.773080375655535
Battlefield Earth,2000,4.0,6.493753839851687,4.964389044929889,6.20050917404269
Beauty and the Beast (1991),1991,4.0,8.600798775271034,6.520512888695247,8.036249942132116
Beauty and the Beast (2017),2017,4.0,15.4889246459493,8.560726433601547,15.488861983759271
Ben-Hur,2016,4.0,9.665039989962045,8.170872751531885,8.881975184248867
Big Hero 6,2014,4.0,14.492503457910383,10.882853682477494,14.48334044336031
Birdman,2014,4.0,9.642447411030767,7.273922310810929,9.503084610020228
Black Panther: Wakanda Forever,2022,4.0,7.10085190894405,5.002046576899531,6.665683717782408
Black Widow,2021,4.0,9.27771860730613,7.9421673175789715,8.472405008626103
Blade Runner,1982,4.0,7.939871576361883,6.47241301109879,7.2868764117507
Booksmart,2019,4.0,6.4425401664681985,5.13824146069235,5.356586274672012
Brazil,1985,4.0,6.115892125483034,4.827556825245275,5.6240175061873385
Brick,2005,4.0,7.27931883541462,4.982721596150969,6.673297967767654
Bumblebee,2018,4.0,9.545669097895317,8.289907486685925,9.005895898094458
Burning,2018,4.0,8.579980179515003,7.471064225068999,7.635786861395585
Captain America: Civil War,2016,4.0,15.707982406984504,12.778854466716915,15.206792709351392
Captain America: The First Avenger,2011,4.0,8.24380842366528,5.2750988362023525,7.993282328101591
Captain America: The Winter Soldier,2014,4.0,10.198095585058642,9.068901098384147,9.392745258631441
Captain Marvel,2019,4.0,12.873314666161262,11.502531718988719,12.456835254920371
Cars 2,2011,4.0,15.253947315382636,12.803911878244095,14.946912992035967
Cars 3,2017,4.0,10.656670946540133,5.786094426759625,10.650199196425806
Cats,2019,4.0,5.755742213586912,4.5218686166155075,4.8283137373023015
Catwoman,2004,4.0,8.660947155060933,7.150643142892544,8.30671904320269
Charlotte's Web,2006,4.0,5.176149732573829,2.3150170212419448,5.153291594497779
Children of Men,2006,4.0,8.746398334109042,7.504425524009939,8.166500319155052
Chronicle,2012,4.0,9.806866513931702,7.824100435724951,9.367429587218957
Cinderella,1950,4.0,17.393747152709448,12.939150511704264,17.151280169891162
City of God,2002,4.0,8.809713540508268,6.67710528448666,8.627123250788433
Cleopatra,1963,4.0,8.253488028345904,6.806140895078793,7.844240718141811
Clerks,1994,4.0,11.617987936217231,9.434483496004784,11.477308649967686
Coco,2017,4.0,16.69710490686541,13.802033823206623,16.128046080821385
Coherence,2013,4.0,6.037870919922137,4.742165466248378,5.5909869805108565
Curious George,2006,4.0,10.03289168974739,8.55011283681313,9.692828247710418
Dark City,1998,4.0,13.564858338945836,7.672668301844548,13.564483088506746
Deadpool,2016,4.0,8.10832229017324,6.735641623869143,7.696667081526462
Deadpool 2,2018,4.0,9.450380370950123,6.88039814086278,9.249657234353133
Despicable Me,2010,4.0,13.35267795533679,7.312682507129132,13.351888125506433
Despicable Me 2,2013,4.0,11.161181202361705,7.531487745361239,11.150534214035387
Despicable Me 3,2017,4.0,5.337538079701318,2.2364347800860997,5.3230099791384085
District 9,2009,4.0,7.564238475170491,5.913144110480684,7.170888478512505
Doctor Strange in the Multiverse of Madness,2022,4.0,8.121183242078828,5.739770582258818,8.052296499538647
Donnie Brasco,1997,4.0,8.10258642539079,6.368097046195882,7.824445930877619
Donnie Darko,2001,4.0,9.558035114334135,8.341033350282173,8.897135342293316
Dredd,2012,4.0,10.574491368410383,8.359342554859413,10.32551474894327
Drive,2011,4.0,10.352682423505618,8.911886894084637,9.517898598432753
Dune,2021,4.0,6.115892125483034,3.556194410802886,5.986452005284438
Dune: Part Two,2024,4.0,7.266827347520591,5.868037307713973,6.55250788703459
Edge of Tomorrow,2014,4.0,13.012521725324094,10.044867481503468,12.850557278777309
Eighth Grade,2018,3.0,4.532599493153256,3.0015151529988615,4.304065093204169
Elemental,2023,4.0,8.982937763741589,7.540019288070024,8.621733370690162
Empire Records,1995,4.0,14.510127158397848,11.930079133724254,14.452087916136215
Eternal Sunshine of the Spotless Mind,2004,4.0,9.84903136674007,8.590088701926897,9.060795734696166
Eternals,2021,4.0,7.776954403322442,6.4910904774795,6.601230118728877
Ex Machina,2014,4.0,10.318935994253193,8.82096242367299,9.525224101853109
Fear and Loathing in Las Vegas,1998,4.0,12.896571321897195,8.517172315125189,12.889172015485954
Fight Club,1999,4.0,10.249768667290844,8.365804959361192,10.05195066017375
Final Fantasy: The Spirits Within,2001,4.0,15.492609735691195,6.329704955751513,15.49260730578806
Finding Dory,2016,4.0,14.424313710086322,9.913744457270958,14.419827071265543
Finding Nemo,2003,4.0,10.567746456002288,9.246965804622423,9.6678285081515
Frances Ha,2012,4.0,10.937205701286247,9.077615782551653,10.781058245898533
Frozen II,2019,4.0,7.8156105320351905,6.218459841240324,7.484930283289661
Furious 7,2015,4.0,15.57138374862792,12.225535810142354,15.541842399805802
Gattaca,1997,4.0,9.758346166866458,8.250592635123098,9.149634496858788
Get Out,2017,4.0,12.656743724476224,9.37843345716392,12.621491384816093
Gigli,2003,2.0,8.173011311724972,7.0954829210679495,8.029758520440822
Godzilla,2014,4.0,15.792010738803567,10.851236249063476,15.784020678601623
Godzilla vs. Kong,2021,4.0,10.26053242804174,8.882945123838075,9.60245002503719
Godzilla x Kong: The New Empire,2024,4.0,8.655562860681009,7.316141049640051,8.216358332386156
Godzilla: King of the Monsters,2019,4.0,8.801469470733185,6.167808067105336,8.210939733379021
Good Time,2017,4.0,8.068089626278244,6.684169636453444,7.5126175446745105
Green Lantern,2011,4.0,8.101980731853192,5.017090701184354,7.8826922062890254
Grindhouse,2007,4.0,8.313852267398207,6.295160051571433,7.9658927350845286
Guardians of the Galaxy,2014,4.0,8.38320455141292,5.326244986023939,7.951911381854188
Guardians of the Galaxy Vol. 2,2017,4.0,9.766922993079902,7.911723941248546,9.561067663645012
Guardians of the Galaxy Vol. 3,2023,4.0,8.753371421000903,6.098315393256114,8.188966863648876
Hackers,1995,4.0,9.345482965918476,7.399011322753573,9.04793908261736
Harold and Maude,1971,4.0,7.359467638255621,5.766349048928937,7.115582126184454
Harry Potter and the Deathly Hallows – Part 2,2011,4.0,15.57021506044965,9.109631648375302,15.569914413658926
Heathers,1988,4.0,14.4487914853236,10.967305928799997,14.436087583323648
Heaven's Gate,1980,4.0,7.891330757661889,3.092167524743284,7.890208213109961
Her,2013,4.0,13.475075881235997,11.956430993942282,13.081543466215237
Hereditary,2018,4.0,10.56954612740534,9.360899214030303,9.841665338892785
Hocus Pocus,1993,4.0,14.05989648395455,10.678925678954363,14.04662307257814
Hop,2011,4.0,10.64787427603904,8.519238547183809,10.534785924769006
Horton Hears a Who!,2008,4.0,12.197687588995734,8.996073772553812,12.175618592671356
How to Train Your Dragon,2010,4.0,11.433903902417171,10.214600378499044,10.883710371704016
How to Train Your Dragon 2,2014,4.0,13.830776439184707,11.4429585354525,13.555444949561487
Ice Age: Collision Course,2016,4.0,13.203751640949863,9.340782365100905,13.195615697878253
Ice Age: Continental Drift,2012,4.0,5.8289456176102075,2.4021257638240843,5.820082930352362
Ice Age: Dawn of the Dinosaurs,2009,4.0,5.493061443340548,3.4259582350244773,4.875197323201151
Ice Age: The Meltdown,2006,4.0,10.342613072136906,7.655496476770568,10.278527816830314
Idiocracy,2006,4.0,6.4457198193855785,4.5614530626601475,6.066108090103747
Inception,2010,4.0,8.252185436003328,6.828634386265136,7.897668150726906
Incredibles 2,2018,4.0,18.852726820421733,12.86806353098575,18.85246316687141
Inglourious Basterds,2009,4.0,10.047587896509885,6.7374604754841725,10.030164255362632
Inside Out 2,2024,4.0,10.385018239245094,9.195013282840636,9.367429587218957
Interstellar,2014,4.0,11.082788494056414,9.459653877241736,10.675931008412125
Iron Man,2008,4.0,11.692058610846669,8.882109169362545,11.6172944892629
Iron Man 2,2010,4.0,11.692058610846669,8.882109169362545,11.6172944892629
Iron Man 3,2013,4.0,11.649473552790798,8.376666716890112,11.608244735642321
Jennifer's Body,2009,4.0,11.029698795395019,9.250064281844997,10.843514342086866
John Carter,2012,4.0,7.216709486709457,3.848325435045121,7.201170883281678
Juno,2007,4.0,8.82776136765472,7.477190319754662,7.507141079727608
Jupiter Ascending,2015,4.0,8.39072252736229,6.486024535064082,7.941295570906532
Jurassic Park,1993,4.0,9.457669090078747,8.314844492758652,8.64135583403666
Jurassic Park III,2001,4.0,9.878426121940757,7.338001750102915,9.723223876851618
Jurassic World,2015,4.0,10.545841313750174,8.055294703166195,10.373522431293592
Jurassic World Dominion,2022,4.0,16.076127583280375,9.64292359021872,16.0625830467363
Justice League,2017,4.0,8.133293861222633,6.545615480638247,7.687538766201629
King Arthur: Legend of the Sword,2017,4.0,8.427049641563272,6.763704027227714,8.219056661060598
Kung Fu Panda,2008,4.0,7.053585727193677,4.596868324232277,6.505784060128229
Kung Fu Panda 2,2011,4.0,16.60197142799669,13.962268579206532,16.51013780630191
Kung Fu Panda 3,2016,4.0,16.730628422954915,15.074592852475382,16.51013780630191
Labyrinth,1986,4.0,8.615770754777232,7.313704259918464,7.9658927350845286
Lady Bird,2017,4.0,7.685703061234547,6.454059337640145,6.994849985833071
Lightyear,2022,4.0,10.873508606831251,8.566665830376776,10.747229096720554
Little Miss Sunshine,2006,4.0,16.498405057600344,11.620457659739424,16.496532155171714
"Lock, Stock and Two Smoking Barrels",1998,4.0,5.4638318050256105,3.214214044679302,5.365976015021851
Logan,2017,4.0,9.665484138314895,7.713195100356945,9.517898598432753
Looper,2012,4.0,8.772765209949785,7.402453675527671,8.14060704285845
Lost in Translation,2003,4.0,7.01211529430638,5.792164106772668,5.840641657373398
MacGruber,2010,4.0,14.425774375005519,10.694563721484469,14.392124484065864
Madagascar,2005,4.0,7.622174594817622,6.341668907228183,7.1631723908466425
Madagascar 2,2008,4.0,7.622174594817622,6.341668907228183,7.1631723908466425
Man of Steel,2013,4.0,17.484870362240134,11.862896426574347,17.484187330270895
Mandy,2018,4.0,11.040631214253112,8.090031666074935,11.007103966325696
Mars Needs Moms,2011,4.0,5.6240175061873385,4.059097480034483,4.983606621708336
Megamind,2010,4.0,17.081289014351484,9.297826573936531,17.081270006899263
Memento,2000,4.0,11.77238551629033,6.600086770406456,11.767575435251748
Minions,2015,4.0,12.65526113506199,9.67505892702293,12.560247968016562
Moana,2016,4.0,12.038257362137841,10.057399086797924,11.643962499267984
Monster Trucks,2016,4.0,6.729824070489475,5.402328420986574,6.29156913955832
Monsters University,2013,4.0,7.805882040228621,5.401276648719787,7.372118028337787
"Monsters, Inc.",2001,4.0,11.883115664987255,10.470537170884816,11.484536278461452
Moonlight,2016,4.0,16.440299795023456,13.184430257521536,16.395727463314174
Mortal Engines,2018,4.0,9.083075020930307,6.359345842098506,8.653645314551737
Mulan,1998,4.0,13.956994495115902,10.91429702829557,13.79326597151132
Napoleon Dynamite,2004,4.0,10.897868317624576,9.657194473778707,10.328787967145063
Nightcrawler,2014,4.0,8.7879833961978,7.580063709151678,7.824445930877619
No Country for Old Men,2007,4.0,14.540838343553665,11.971920803939797,14.47303107901565
Office Space,1999,4.0,13.458957035225119,8.845090308771203,13.455975814408239
Oldboy,2003,4.0,12.830113555316569,7.5381260589723835,12.829336379587506
Once Upon a Time in Hollywood,2019,4.0,9.624963417869113,6.978167857355886,9.568084743872936
Oppenheimer,2023,4.0,7.327123292259293,5.991912163099962,6.878326468291325
Pan,2015,4.0,12.157591183707268,7.771410008738228,12.154784614286667
Pan's Labyrinth,2006,4.0,7.858640655620791,4.899306579320917,7.7752758464868625
Paranormal Activity,2007,4.0,16.068906457187165,10.833321414628607,15.562969942511762
Pi,1998,4.0,8.189244525735901,6.006846652153229,8.0774471493312
Pirates of the Caribbean: Dead Man's Chest,2006,4.0,10.783404714295925,6.773853037419607,10.776891660007811
Pirates of the Caribbean: Dead Men Tell No Tales,2017,4.0,17.648513472667894,8.802405661846342,17.648490377696987
Pirates of the Caribbean: The Curse of the Black Pearl,2003,4.0,10.178008394710085,8.686519980614127,9.883335864325275
Primer,2004,4.0,9.064505023752638,6.629778348628707,9.004668301573977
Pulp Fiction,1994,4.0,11.02645093206807,8.738263812412224,10.902297921958713
Rampage,2018,4.0,8.167068178341237,6.482375560322598,7.796057974316123
Rango,2011,4.0,10.091625494651522,8.11612030012497,9.942756341456828
Ratatouille,2007,4.0,10.532416160769422,8.326185947199848,10.254179634797001
Repo Man,1984,4.0,9.569202921360327,6.4947793789057755,9.546884034617925
Requiem for a Dream,2000,4.0,10.489884363149192,8.690596639917162,10.138599199626192
Rio 2,2014,4.0,19.00936179210785,11.697325943919857,19.00846741441004
Rise of the Guardians,2012,4.0,7.340835554123275,5.853246649053787,6.883462586413092
Robin Hood,2018,4.0,7.867871490396322,6.284632074653565,7.591357046698551
Sahara,2005,4.0,10.02424394117191,8.249533011307088,9.34145634983372
Saw,2004,4.0,16.63740068271651,11.078941179602376,16.636889503897294
Scott Pilgrim vs. the World,2010,4.0,10.536486560259796,8.785270196752244,10.130662964963708
Shang-Chi and the Legend of the Ten Rings,2021,4.0,7.395721608602045,5.045478017214166,7.170888478512505
Shazam! Fury of the Gods,2023,4.0,8.083637203141548,6.28152020491908,7.7102051944325325
Shrek,2001,4.0,10.366718297494435,9.10641310952395,9.87822102528824
Shrek 2,2004,4.0,16.562782049142676,6.519504603292106,16.562781536322326
Shrek Forever After,2010,4.0,17.175892924248487,8.751583329672064,17.175885979828397
Shrek the Third,2007,4.0,13.670562239561804,8.788194937503873,13.66119436444038
Sing,2016,4.0,9.744374580879056,6.572181093490034,9.711176264112805
Sing 2,2021,4.0,8.663023639627777,5.961966276453751,8.621733370690162
Snow White and the Seven Dwarfs,1937,4.0,9.081142433504501,7.494790283416193,8.837971491357209
Solo: A Star Wars Story,2018,4.0,12.070779702285991,9.855662367835983,11.6172944892629
Speed Racer,2008,4.0,8.715059959545654,6.034111131558361,8.676075516476429
Spider-Man,2002,4.0,8.448485993406447,4.8767088060956105,8.323851131338817
Spider-Man 2,2004,4.0,8.448485993406447,4.8767088060956105,8.323851131338817
Spider-Man 3,2007,4.0,10.186559012430227,8.815299697405392,9.787009914477434
Spider-Man: Far From Home,2019,4.0,10.39516093745751,8.392079905983437,10.261196961231647
Spider-Man: Homecoming,2017,4.0,11.974291900820301,9.125024129096031,11.944714374881176
Spider-Man: No Way Home,2021,4.0,16.4899433049623,10.368212872848432,16.489659276356317
Spring Breakers,2012,4.0,15.57612381401379,13.896503511242225,15.371547904641702
Star Wars: The Force Awakens,2015,4.0,12.636191341076994,10.785914891081829,12.049424683420915
Star Wars: The Last Jedi,2017,4.0,12.393220039219392,11.247262730053533,11.495789479023493
Sunshine,2007,4.0,6.8690144506657065,3.0206907851023597,6.86484777797086
Swiss Army Man,2016,4.0,6.063785208687608,3.77108475661372,5.857933154483459
Tangerine,2015,4.0,14.77766336180312,10.629074535143003,14.77102238760702
Tangled,2010,4.0,14.81823253191567,8.513488966718711,14.81614280591917
Terminator: Dark Fate,2019,4.0,14.566292955342226,9.40705755984328,14.562198979385785
The Adventures of Pluto Nash,2002,4.0,5.634789603169249,3.734922846443021,5.117993812416755
The Amazing Spider-Man,2012,4.0,11.171139133525246,8.450049965085139,11.12285622984002
The Blair Witch Project,1999,4.0,5.3612921657094255,3.7306035654766823,5.056245805348308
The Book of Life,2014,4.0,7.933079771880415,6.142810000250994,7.62608275807238
The Boondock Saints,1999,4.0,12.281444461553813,8.83715892977145,12.269052139516223
The Croods,2013,4.0,17.860328212187845,9.876673208273855,17.860314692139372
The Croods: A New Age,2020,4.0,8.13739583005665,6.800872991766416,7.65491704784832
The Dark Crystal,1982,4.0,5.771441123130016,3.0755357814800184,5.730099782973575
The Dark Knight,2008,4.0,12.422437271763476,10.912745003112535,12.149507585033072
The Dark Knight Rises,2012,4.0,12.334329527346908,8.805642472457013,12.323860125621126
The Fate of the Furious,2017,4.0,15.124166568625855,11.805978433846947,14.782494784382012
The Flash,2023,4.0,6.025865973825314,4.211160625714496,5.556828061699537
The Fountain,2006,4.0,16.55645651176258,9.958859716993226,16.5563506464056
The Happening,2008,4.0,9.237079669165805,7.643149384226285,8.842315546841863
The Hateful Eight,2015,4.0,13.15330568817585,8.551447721443859,13.102162710901053
The Incredibles,2004,4.0,7.465082736399547,6.126644478047713,6.5998704992128365
The Iron Giant,1999,4.0,17.210173872360677,10.25010579894248,17.21001898503268
The Jungle Book,1967,4.0,5.768320995793772,3.8300902581351406,5.236441962829949
The Lighthouse,2019,4.0,8.992930352509733,5.255477376280835,8.933400396056303
The Lion King (2019),2019,4.0,9.306104993960561,7.84706150427775,8.77043908654689
The Little Mermaid,1989,4.0,1.6094379124341003,0.6931471805599453,0.6931471805599453
The Lone Ranger,2013,4.0,10.786593717019239,8.725683926747978,10.298935994257638
The Lost World: Jurassic Park,1997,4.0,7.845024417241484,6.474463441546443,7.444833273892193
The Marvels,2023,4.0,7.1891677384203225,4.658111054823155,6.777646593635117
The Mummy Returns,2001,4.0,11.018629143155449,7.653305330034656,11.005444242454628
The Mummy: Tomb of the Dragon Emperor,2008,4.0,9.190545744648004,3.525511353796357,9.19023970026918
The Nice Guys,2016,4.0,10.693307620356334,6.304968004732982,10.685126264117057
The Princess Bride,1987,4.0,9.248214024404264,7.524103210862364,9.004668301573977
The Revenant,2015,4.0,8.860357273327022,7.551326037095447,8.289288323000317
The Secret Life of Pets 2,2019,4.0,19.324899105118543,8.486821263240858,19.324898898640836
The Thing,1982,4.0,10.456970285968099,8.074316458853295,10.36410350510914
The Witch,2015,4.0,12.686462772870552,11.168842213816284,12.337105293891872
The Wolf of Wall Street,2013,4.0,10.746217854635562,9.105158822117103,10.413342705547674
The Wolverine,2013,4.0,11.040374594257798,7.969535190312068,11.008760940077243
There Will Be Blood,2007,4.0,10.027959280046968,8.807488955688129,9.332646496360152
This Is Spinal Tap,1984,4.0,10.87193420662744,9.560522560989066,10.379752786950895
Thor,2011,4.0,6.86484777797086,4.479965804335097,6.175867270105761
Thor: Love and Thunder,2022,4.0,10.04316253460861,8.318498926577748,9.814710982145282
Thor: The Dark World,2013,4.0,16.860085375268245,9.819999138775206,16.860033043306743
Titanic,1997,4.0,15.72222179934285,9.319130667453232,15.722085850209309
Tomorrowland,2015,4.0,20.551298960532463,12.227337426397353,20.55129057339425
Top Gun: Maverick,2022,4.0,10.424689159126888,8.741090832905439,10.12667110305036
Toy Story,1995,4.0,16.802707055210902,14.96104903543285,16.103996827998692
Toy Story 2,1999,4.0,11.248191394729853,7.712738687536084,11.234546649377918
Toy Story 3,2010,4.0,9.927838643399959,8.531780687868096,9.392745258631441
Toy Story 4,2019,4.0,16.16870663262348,13.647488605454503,16.103996827998692
Trainspotting,1996,4.0,4.219507705176107,2.412832280298122,4.060443010546419
Transformers,2007,4.0,9.796069365768835,7.244325390202661,9.692828247710418
Transformers: Age of Extinction,2014,4.0,13.185450846274586,7.9208213318439675,13.184400648021263
Transformers: Dark of the Moon,2011,4.0,17.033702549071457,14.01387682258508,16.612791953770035
Transformers: Revenge of the Fallen,2009,4.0,9.675582684120208,7.317443992780809,9.60918360377546
Treasure Planet,2002,4.0,10.843358082930738,5.954156201813337,10.839600519357369
Trolls World Tour,2020,4.0,5.823045895483019,4.651484054651843,5.081404364984463
Tron,1982,4.0,17.678360693000304,9.381005625283706,17.678343340210052
Turning Red,2022,4.0,11.194151682640769,4.193468259901695,11.194110418585193
Uncut Gems,2019,4.0,10.482485711405168,7.760048911455388,10.344995251991222
Up,2009,4.0,15.142461148502452,11.03337573172658,15.137266664613225
Valerian and the City of a Thousand Planets,2017,4.0,10.610069086697326,8.229614796941224,10.407318772389159
Venom,2018,4.0,10.39347761571398,8.46497246662454,10.118639253920785
Venom: Let There Be Carnage,2021,4.0,15.258063080596338,7.750444260752264,15.257712787429051
Waterworld,1995,4.0,6.76849321164863,5.338421755051374,6.42648845745769
Wet Hot American Summer,2001,4.0,13.214222153415514,9.25466468570257,13.208542908506082
Whiplash,2014,4.0,9.063694791634697,6.788836696581061,8.969669103793757
Wish,2023,4.0,8.020270472819238,6.836004416640056,7.359467638255621
Withnail and I,1987,4.0,10.137808404440463,8.912925690775634,9.38437770918244
Wonder Woman,2017,4.0,10.679665280420206,8.850589785547598,10.448743588106625
Wonder Woman 1984,2020,4.0,13.11406907457951,8.951601370323234,13.106236027992704
Wreck-It Ralph,2012,4.0,9.068892008391808,7.7126256834676985,8.299285906897275
X-Men: Apocalypse,2016,4.0,16.070574286521968,14.223647677175622,15.903664164161862
X-Men: Days of Future Past,2014,4.0,16.2129007032072,13.742090827659197,15.903664164161862
X-Men: The Last Stand,2006,4.0,10.23041437631381,9.001662381008343,9.686636660844938
Zootopia,2016,4.0,10.99978048691366,9.698386768339523,9.957075711706057
