title,script_available,estimated_word_count,dialogue_percentage,action_description_percentage,unique_character_count,avg_dialogue_length,longest_monologue_words,scene_count,avg_scene_length_words,sentiment_mean,sentiment_std,emotional_arc_type,exclamation_ratio,question_ratio,profanity_score,vocabulary_richness,avg_sentence_complexity,named_entity_density,humor_indicator,romance_indicator,violence_indicator,script_genre_primary,script_genre_secondary
Avatar,True,14000,35.0,65.0,28,8.0,85,72,194.0,0.08,0.18,rise,0.22,0.12,4,0.35,7.2,8.5,3.0,6.0,9.0,Sci-Fi,Action
Avengers: Endgame,True,18500,58.0,42.0,52,11.0,180,85,218.0,0.02,0.35,fall-rise,0.28,0.18,2,0.48,10.1,12.3,7.0,2.0,8.0,Action,Adventure
Avatar: The Way of Water,True,13800,33.0,67.0,32,7.8,92,78,177.0,0.12,0.2,rise,0.2,0.11,3,0.34,6.9,9.1,4.0,7.0,8.0,Sci-Fi,Action
Titanic,True,19200,62.0,38.0,48,12.5,165,68,282.0,-0.05,0.42,fall-rise,0.25,0.22,2,0.52,11.3,10.2,5.0,9.0,6.0,Drama,Romance
Star Wars: The Force Awakens,True,15800,48.0,52.0,38,10.2,128,75,210.0,0.1,0.26,rise,0.26,0.2,1,0.42,8.8,11.5,6.0,3.0,7.0,Sci-Fi,Action
Avengers: Infinity War,True,17200,52.0,48.0,48,10.5,195,82,210.0,-0.12,0.38,fall,0.3,0.19,2,0.46,9.8,13.1,6.0,1.0,9.0,Action,Adventure
Spider-Man: No Way Home,True,16500,55.0,45.0,42,10.8,152,79,208.0,0.06,0.32,rise-fall,0.27,0.17,2,0.44,9.5,12.2,7.0,4.0,7.0,Action,Adventure
Inside Out 2,True,12500,70.0,30.0,18,9.5,108,65,192.0,0.15,0.38,rise-fall,0.32,0.24,0,0.38,7.8,4.2,8.0,1.0,1.0,Animation,Comedy
Jurassic World,True,13900,42.0,58.0,24,9.2,110,71,196.0,0.02,0.28,rise,0.28,0.15,2,0.36,7.5,7.8,4.0,5.0,8.0,Action,Adventure
The Lion King (2019),True,11800,65.0,35.0,22,8.8,95,58,204.0,0.08,0.35,fall-rise,0.28,0.19,0,0.4,7.6,3.5,6.0,3.0,6.0,Animation,Drama
The Avengers,True,16800,54.0,46.0,28,11.2,142,77,218.0,0.05,0.3,rise,0.29,0.16,2,0.45,9.6,11.8,7.0,2.0,8.0,Action,Adventure
Furious 7,True,12100,38.0,62.0,22,8.5,98,68,178.0,0.12,0.24,rise,0.31,0.1,4,0.32,6.8,6.2,5.0,4.0,9.0,Action,Adventure
Frozen II,True,11600,68.0,32.0,20,9.2,125,62,187.0,0.18,0.36,rise,0.34,0.26,0,0.39,7.9,4.1,8.0,4.0,3.0,Animation,Comedy
Top Gun: Maverick,True,14200,52.0,48.0,26,10.5,158,73,195.0,0.14,0.28,rise,0.25,0.17,3,0.41,8.9,7.5,5.0,5.0,6.0,Action,Drama
Barbie,True,15400,72.0,28.0,35,10.2,185,64,240.0,0.22,0.32,rise-fall,0.35,0.28,1,0.5,9.8,5.2,9.0,6.0,1.0,Comedy,Fantasy
Avengers: Age of Ultron,True,16500,50.0,50.0,32,10.8,168,80,206.0,-0.02,0.33,rise,0.28,0.15,2,0.44,9.4,11.2,8.0,3.0,8.0,Action,Adventure
Black Panther,True,16200,58.0,42.0,32,10.6,172,76,213.0,0.04,0.34,rise,0.27,0.18,3,0.49,10.2,9.8,5.0,3.0,8.0,Action,Adventure
Harry Potter and the Deathly Hallows – Part 2,True,16795,57.0,43.0,30,9.3,175,88,190.9,0.195,0.242,steady,0.108,0.182,3,0.466,10.66,12.0,7.0,2.9,4.2,Fantasy,
Star Wars: The Last Jedi,True,14784,50.4,49.6,24,11.0,137,62,238.5,0.222,0.303,rise,0.136,0.256,1,0.363,9.63,16.33,4.9,8.0,7.0,Sci-Fi,
Aquaman,False,12695,30.1,69.9,23,9.9,184,43,295.3,-0.077,0.294,steady,0.142,0.24,4,0.327,9.27,10.21,8.0,1.0,6.0,Action,
Incredibles 2,True,15511,68.8,31.2,24,6.3,90,47,330.0,-0.125,0.331,fall,0.08,0.113,0,0.433,10.33,13.63,8.6,3.2,2.5,Animation,
The Fate of the Furious,True,11508,37.2,62.8,20,10.6,168,74,155.5,-0.017,0.309,steady,0.17,0.177,4,0.345,9.45,10.23,2.6,7.9,5.6,Action,
Frozen,True,12300,65.7,34.3,29,9.1,145,62,198.0,0.06,0.35,fall-rise,0.32,0.26,0,0.36,7.8,4.2,4.0,2.0,2.4,Animation,Comedy
Incredibles,True,11612,62.4,37.6,26,9.0,129,71,163.6,-0.107,0.436,fall-rise,0.081,0.216,0,0.311,9.11,8.23,7.7,3.6,3.9,Animation,
Minions,True,11972,57.5,42.5,16,9.3,180,63,190.0,0.017,0.307,steady,0.08,0.241,1,0.492,10.92,12.62,4.5,1.1,1.3,Animation,
Captain America: Civil War,True,16029,34.0,66.0,28,10.5,152,90,178.1,0.211,0.281,rise,0.182,0.122,2,0.471,10.71,14.41,7.8,3.3,8.8,Action,
Beauty and the Beast (2017),False,17838,64.5,35.5,41,7.3,144,49,364.0,0.098,0.36,rise-fall,0.172,0.081,2,0.487,10.87,15.26,5.7,1.0,7.6,Fantasy,
Rogue One: A Star Wars Story,True,13139,50.8,49.2,29,11.5,138,73,180.0,-0.027,0.429,fall-rise,0.182,0.18,2,0.475,10.75,9.79,5.5,3.0,7.6,Sci-Fi,
Finding Dory,False,12627,71.9,28.1,26,8.1,135,69,183.0,0.142,0.269,steady,0.08,0.284,1,0.457,10.57,11.69,4.2,1.0,1.0,Animation,
Iron Man 3,True,16163,42.0,58.0,18,9.8,190,68,237.7,0.191,0.244,rise,0.199,0.131,3,0.25,8.5,9.85,5.8,2.0,8.0,Action,
Toy Story 4,True,12952,73.8,26.2,22,7.4,108,75,172.7,0.347,0.227,steady,0.08,0.221,1,0.353,9.53,12.98,5.4,10.0,2.1,Animation,
Doctor Strange in the Multiverse of Madness,False,12932,51.5,48.5,29,13.1,160,95,136.1,-0.2,0.335,steady,0.08,0.208,4,0.412,10.12,8.27,6.5,1.0,5.7,Action,
Thor: Love and Thunder,True,12825,54.1,45.9,20,11.0,217,54,237.5,-0.219,0.211,steady,0.246,0.118,2,0.348,9.48,6.73,2.4,8.2,10.0,Action,
Ant-Man and the Wasp: Quantumania,True,15201,45.2,54.8,22,13.5,222,54,281.5,0.357,0.222,rise,0.147,0.153,5,0.25,8.5,5.92,7.5,2.0,8.4,Action,
Shrek Forever After,True,11278,70.6,29.4,20,6.9,132,70,161.1,0.193,0.435,fall-rise,0.11,0.196,0,0.428,10.28,5.27,3.9,2.5,4.4,Animation,
Shrek the Third,True,14379,65.9,34.1,16,10.3,156,73,197.0,-0.013,0.263,steady,0.08,0.133,1,0.433,10.33,6.18,5.1,6.1,2.7,Animation,
Shrek 2,True,13219,72.2,27.8,24,12.0,221,69,191.6,0.098,0.382,fall-rise,0.08,0.194,1,0.405,10.05,7.39,7.9,6.7,1.0,Animation,
Shrek,True,12949,58.1,41.9,19,11.2,143,65,199.2,0.228,0.288,steady,0.08,0.333,0,0.443,10.43,9.48,3.6,6.7,1.2,Animation,
Pirates of the Caribbean: Dead Men Tell No Tales,True,17041,64.0,36.0,30,7.9,157,91,187.3,0.141,0.287,steady,0.134,0.159,3,0.36,9.6,10.23,5.3,7.0,6.0,Fantasy,
Pirates of the Caribbean: On Stranger Tides,True,17621,36.2,63.8,43,9.2,165,61,288.9,0.048,0.305,steady,0.189,0.249,1,0.488,10.88,9.11,4.5,3.6,6.6,Fantasy,
Pirates of the Caribbean: Dead Man's Chest,True,16145,51.8,48.2,24,10.9,163,78,207.0,0.02,0.298,steady,0.084,0.188,1,0.451,10.51,17.69,2.3,2.1,3.8,Fantasy,
Pirates of the Caribbean: The Curse of the Black Pearl,True,19806,66.5,33.5,26,11.3,160,68,291.3,-0.123,0.363,fall-rise,0.08,0.074,1,0.576,11.76,12.53,2.5,2.1,5.8,Fantasy,
Toy Story,False,9728,59.8,40.2,28,12.8,243,55,176.9,0.108,0.392,fall-rise,0.08,0.05,1,0.252,8.52,14.7,8.0,7.4,1.0,Animation,
Toy Story 2,True,9608,64.1,35.9,31,8.6,172,70,137.3,0.087,0.244,steady,0.08,0.095,0,0.479,10.79,14.54,6.1,3.6,2.3,Animation,
Toy Story 3,True,9698,70.7,29.3,23,8.7,158,84,115.5,0.09,0.445,fall-rise,0.097,0.213,1,0.29,8.9,9.8,8.9,7.4,2.0,Animation,
Cars,True,12304,69.7,30.3,17,12.1,154,74,166.3,0.338,0.349,steady,0.08,0.259,0,0.477,10.77,14.5,7.1,4.8,1.0,Animation,
Cars 2,True,11577,64.9,35.1,17,11.7,199,68,170.3,0.069,0.192,steady,0.08,0.24,1,0.444,10.44,9.74,4.5,3.3,1.0,Animation,
Cars 3,True,10776,61.4,38.6,20,13.8,188,70,154.0,-0.262,0.272,fall,0.101,0.337,1,0.342,9.42,10.12,6.2,3.5,4.5,Animation,
Monsters University,True,13199,66.4,33.6,29,12.0,212,74,178.4,-0.038,0.318,steady,0.08,0.086,1,0.383,9.83,6.05,7.1,1.0,1.0,Animation,
"Monsters, Inc.",True,9659,67.1,32.9,28,11.1,190,95,101.7,-0.014,0.312,steady,0.149,0.298,0,0.277,8.77,8.79,7.3,9.0,4.5,Animation,
Up,True,11983,66.8,33.2,21,10.5,145,67,178.9,-0.262,0.344,fall,0.08,0.134,1,0.447,10.47,6.71,4.5,5.9,1.0,Animation,
WALL-E,True,9495,65.8,34.2,27,10.6,148,73,130.1,-0.056,0.331,steady,0.08,0.175,1,0.44,10.4,10.33,7.8,1.0,1.0,Animation,
Ratatouille,False,13509,58.1,41.9,16,7.7,117,76,177.8,0.05,0.31,steady,0.08,0.187,1,0.349,9.49,10.74,6.1,3.6,1.9,Animation,
The Incredibles,True,11268,67.7,32.3,20,8.3,133,80,140.9,0.031,0.376,rise-fall,0.08,0.224,1,0.347,9.47,11.24,6.4,4.7,1.1,Animation,
A Bug's Life,False,10184,80.0,20.0,17,9.7,158,47,216.7,-0.035,0.353,fall-rise,0.106,0.221,0,0.254,8.54,10.33,4.6,7.1,3.3,Animation,
Finding Nemo,True,10362,61.1,38.9,22,8.7,158,65,159.4,0.204,0.383,rise-fall,0.08,0.05,1,0.412,10.12,12.72,5.8,3.0,1.5,Animation,
Coco,False,13077,75.6,24.4,19,12.2,174,79,165.5,0.112,0.349,steady,0.08,0.11,0,0.54,11.4,14.19,9.4,4.5,1.0,Animation,
Encanto,False,11058,60.2,39.8,19,11.5,193,86,128.6,-0.024,0.329,steady,0.08,0.107,1,0.484,10.84,9.15,6.3,4.6,2.1,Animation,
Mulan,False,13260,64.5,35.5,31,6.8,95,55,241.1,0.122,0.223,steady,0.08,0.126,0,0.445,10.45,10.15,6.9,2.4,1.6,Animation,
The Jungle Book,True,12164,80.0,20.0,23,9.6,145,86,141.5,0.031,0.244,steady,0.08,0.065,0,0.25,8.5,13.37,8.7,7.7,5.9,Animation,
101 Dalmatians,False,15644,73.3,26.7,16,5.8,73,63,248.3,0.047,0.214,steady,0.113,0.185,0,0.3,9.0,13.01,9.9,6.4,3.9,Animation,
The Lion King (1994),True,11800,65.0,35.0,22,8.8,95,58,204.0,0.08,0.35,fall-rise,0.28,0.19,0,0.4,7.6,3.5,6.0,3.0,6.0,Animation,Drama
The Little Mermaid,True,10844,74.8,25.2,30,10.4,170,80,135.6,0.174,0.281,steady,0.08,0.151,0,0.25,8.5,11.68,6.1,6.9,1.2,Animation,
Beauty and the Beast (1991),False,12489,69.7,30.3,27,10.0,146,61,204.7,-0.131,0.155,fall,0.08,0.275,0,0.355,9.55,8.63,5.1,2.3,2.8,Animation,
Aladdin,True,12426,62.2,37.8,22,11.9,191,80,155.3,0.239,0.171,steady,0.08,0.077,0,0.401,10.01,7.72,7.1,4.3,1.5,Animation,
Snow White and the Seven Dwarfs,True,15008,52.0,48.0,25,10.1,131,89,168.6,0.316,0.2,rise,0.08,0.154,1,0.424,10.24,12.71,8.1,6.9,1.2,Animation,
Cinderella,False,11662,68.0,32.0,19,11.4,223,76,153.5,0.062,0.276,steady,0.08,0.204,0,0.371,9.71,6.62,8.8,1.0,1.0,Animation,
The Sleeping Beauty,True,8820,68.0,32.0,23,12.7,212,60,147.0,0.069,0.255,steady,0.08,0.233,0,0.296,8.96,10.21,6.5,6.5,1.9,Animation,
Tangled,True,13256,75.3,24.7,23,6.5,114,71,186.7,0.023,0.288,steady,0.08,0.05,0,0.435,10.35,6.21,9.1,3.3,1.9,Animation,
Wreck-It Ralph,True,14035,63.5,36.5,30,9.6,154,86,163.2,0.275,0.352,rise-fall,0.08,0.198,1,0.368,9.68,8.4,6.5,2.8,2.0,Animation,
Big Hero 6,True,14170,63.5,36.5,24,12.6,213,70,202.4,0.24,0.239,rise,0.091,0.35,0,0.345,9.45,7.72,7.3,2.4,2.2,Animation,
Moana,True,14606,62.9,37.1,16,8.1,151,78,187.3,0.322,0.317,rise,0.08,0.05,1,0.327,9.27,11.8,7.3,1.0,1.5,Animation,
Zootopia,False,15464,63.7,36.3,24,9.6,187,84,184.1,0.323,0.154,steady,0.08,0.147,1,0.314,9.14,14.57,6.0,3.7,1.9,Animation,
Frozen 2,False,12144,69.1,30.9,19,8.5,169,68,178.6,0.222,0.39,rise-fall,0.111,0.304,1,0.476,10.76,5.91,4.8,8.5,4.1,Animation,
Raya and the Last Dragon,True,12428,60.1,39.9,23,9.9,151,53,234.5,-0.03,0.277,steady,0.102,0.139,1,0.349,9.49,13.51,7.5,4.6,2.2,Animation,
Turning Red,False,11265,80.0,20.0,17,9.7,185,77,146.3,0.246,0.346,rise,0.096,0.106,0,0.338,9.38,13.82,8.6,5.5,3.7,Animation,
Lightyear,False,12344,73.3,26.7,17,10.2,143,77,160.3,-0.204,0.257,steady,0.08,0.3,0,0.372,9.72,6.07,6.8,4.5,2.6,Animation,
Elemental,True,13813,69.3,30.7,29,10.7,187,67,206.2,0.019,0.251,steady,0.08,0.05,1,0.384,9.84,11.21,4.8,6.4,3.2,Animation,
Wish,False,11803,67.9,32.1,18,7.3,112,55,214.6,0.053,0.332,steady,0.08,0.27,1,0.338,9.38,7.73,3.9,7.3,1.8,Animation,
DreamWorks Dragons 2,False,11828,63.2,36.8,26,8.5,162,61,193.9,-0.02,0.286,steady,0.08,0.256,1,0.288,8.88,9.73,7.9,3.1,1.0,Animation,
Madagascar 3,True,13061,67.2,32.8,29,9.5,124,84,155.5,0.154,0.198,rise,0.08,0.066,0,0.362,9.62,10.58,8.1,5.5,1.4,Animation,
Kung Fu Panda 3,False,13336,68.6,31.4,23,6.1,95,58,229.9,0.323,0.377,fall-rise,0.08,0.103,1,0.3,9.0,7.42,4.4,3.9,1.3,Animation,
Rise of the Guardians,False,14255,65.0,35.0,25,8.1,119,57,250.1,0.038,0.424,fall-rise,0.08,0.208,0,0.287,8.87,6.24,8.3,4.3,2.1,Animation,
The Croods,True,9699,78.6,21.4,27,10.7,195,65,149.2,0.442,0.332,steady,0.116,0.164,1,0.491,10.91,11.44,8.3,7.3,2.6,Animation,
The Croods: A New Age,False,10452,62.0,38.0,22,9.4,153,58,180.2,0.193,0.19,rise,0.08,0.147,1,0.396,9.96,7.04,6.2,1.0,1.2,Animation,
Megamind,True,14076,74.1,25.9,29,11.4,139,88,160.0,-0.152,0.385,rise-fall,0.08,0.232,1,0.358,9.58,14.12,8.1,1.0,2.3,Animation,
Trolls,True,11061,76.8,23.2,23,6.7,93,69,160.3,0.256,0.323,rise,0.088,0.303,1,0.49,10.9,11.63,7.6,8.5,4.5,Animation,
Trolls World Tour,True,13570,54.4,45.6,20,8.2,124,60,226.2,-0.034,0.268,steady,0.11,0.133,1,0.466,10.66,11.69,6.6,1.0,3.7,Animation,
Kung Fu Panda,True,10055,80.0,20.0,26,11.7,213,64,157.1,0.349,0.294,rise,0.105,0.154,0,0.279,8.79,5.57,4.7,2.6,3.3,Animation,
Kung Fu Panda 2,True,11715,64.0,36.0,16,10.9,216,71,165.0,0.148,0.269,steady,0.133,0.05,1,0.297,8.97,11.67,7.7,10.0,4.6,Animation,
How to Train Your Dragon,False,12414,57.5,42.5,31,7.3,142,69,179.9,0.381,0.357,fall-rise,0.08,0.148,0,0.432,10.32,12.96,6.0,4.7,3.2,Animation,
How to Train Your Dragon 2,False,12758,69.9,30.1,24,8.1,137,79,161.5,0.02,0.259,steady,0.08,0.204,1,0.391,9.91,12.65,8.5,2.0,2.5,Animation,
How to Train Your Dragon 3,True,11453,72.2,27.8,28,9.7,167,83,138.0,-0.139,0.374,rise-fall,0.1,0.101,1,0.369,9.69,7.38,8.1,1.0,1.8,Animation,
Madagascar,True,10967,78.1,21.9,18,9.6,152,53,206.9,-0.167,0.362,rise-fall,0.138,0.262,1,0.461,10.61,12.47,10.0,1.0,2.9,Animation,
Madagascar 2,False,13374,75.6,24.4,20,10.2,153,68,196.7,-0.131,0.243,steady,0.08,0.11,0,0.387,9.87,8.07,6.8,1.5,1.6,Animation,
Despicable Me,True,14271,49.7,50.3,16,9.6,129,92,155.1,0.113,0.293,steady,0.08,0.292,1,0.412,10.12,10.5,8.2,3.8,1.0,Animation,
Despicable Me 2,False,13809,68.8,31.2,21,10.3,173,83,166.4,0.035,0.258,steady,0.11,0.24,0,0.391,9.91,7.75,7.6,2.2,4.0,Animation,
Despicable Me 3,True,12359,79.6,20.4,16,9.0,161,65,190.1,0.148,0.378,fall-rise,0.08,0.074,0,0.314,9.14,11.32,5.8,5.9,1.0,Animation,
The Secret Life of Pets,True,9844,51.9,48.1,22,8.1,140,72,136.7,-0.01,0.331,steady,0.08,0.092,1,0.506,11.06,9.57,5.2,5.8,2.1,Animation,
Sing,False,9073,63.9,36.1,21,9.6,164,61,148.7,0.158,0.156,rise,0.08,0.121,0,0.338,9.38,11.65,6.1,7.1,2.8,Animation,
Sing 2,False,13819,56.3,43.7,20,8.8,158,71,194.6,0.057,0.337,steady,0.08,0.117,1,0.355,9.55,5.88,7.2,1.0,1.6,Animation,
Illumination's Pets United,False,10344,50.3,49.7,19,12.0,226,70,147.8,0.065,0.354,fall-rise,0.08,0.124,1,0.421,10.21,7.12,3.8,5.1,2.5,Animation,
Hop,True,12130,61.5,38.5,25,9.9,143,57,212.8,0.125,0.303,steady,0.08,0.221,1,0.336,9.36,6.22,7.8,6.5,1.7,Animation,
Dr. Seuss' Horton Hears a Who!,True,12362,52.3,47.7,30,10.0,188,50,247.3,0.268,0.372,fall-rise,0.08,0.125,1,0.383,9.83,14.95,5.5,3.8,1.0,Animation,
Ice Age,True,11449,60.5,39.5,18,7.8,126,51,224.5,0.217,0.32,rise,0.131,0.25,0,0.347,9.47,9.05,5.9,5.7,2.8,Animation,
Ice Age: The Meltdown,True,10024,68.0,32.0,28,5.0,91,90,111.4,0.199,0.317,rise,0.08,0.179,1,0.25,8.5,6.1,6.9,5.4,1.1,Animation,
Ice Age: Dawn of the Dinosaurs,True,11959,74.6,25.4,19,10.5,165,53,225.6,-0.162,0.398,rise-fall,0.08,0.217,1,0.367,9.67,13.09,5.6,4.4,1.4,Animation,
Ice Age: Continental Drift,True,13213,67.6,32.4,27,11.7,182,74,178.6,0.041,0.361,rise-fall,0.087,0.187,0,0.367,9.67,11.8,5.9,8.3,4.1,Animation,
Ice Age: Collision Course,False,10796,66.9,33.1,29,6.3,108,60,179.9,0.212,0.329,steady,0.08,0.111,0,0.344,9.44,5.69,8.9,1.8,1.0,Animation,
Rio,True,10828,72.7,27.3,26,10.0,193,95,114.0,0.143,0.298,steady,0.08,0.161,0,0.376,9.76,10.5,6.4,2.1,2.1,Animation,
Rio 2,True,12315,60.9,39.1,18,11.0,190,78,157.9,0.026,0.304,steady,0.08,0.081,0,0.319,9.19,14.78,7.8,5.5,2.5,Animation,
Rango,True,11779,54.7,45.3,21,8.3,164,55,214.2,0.074,0.202,steady,0.08,0.244,0,0.399,9.99,11.12,6.5,6.1,2.6,Animation,
The Book of Life,True,10210,73.0,27.0,25,8.0,137,83,123.0,-0.049,0.315,steady,0.08,0.101,1,0.396,9.96,10.39,6.7,7.7,1.7,Animation,
Curious George,True,13240,66.8,33.2,19,8.7,137,57,232.3,0.081,0.405,fall-rise,0.08,0.198,0,0.399,9.99,8.92,8.2,6.3,1.0,Animation,
Charlotte's Web,True,11172,52.8,47.2,29,10.0,165,94,118.9,0.261,0.362,rise-fall,0.08,0.101,1,0.481,10.81,11.95,10.0,5.0,1.2,Animation,
Stuart Little,True,10643,65.7,34.3,16,9.3,115,77,138.2,0.185,0.207,rise,0.08,0.329,1,0.485,10.85,12.86,6.5,1.3,1.0,Animation,
Bumblebee,True,15657,53.5,46.5,22,7.5,99,78,200.7,0.331,0.414,rise-fall,0.182,0.206,3,0.336,9.36,7.59,1.1,3.6,7.3,Action,
Transformers,True,11394,47.1,52.9,23,9.8,155,89,128.0,0.011,0.232,steady,0.174,0.1,4,0.317,9.17,12.51,1.0,4.8,7.3,Action,
Transformers: Revenge of the Fallen,True,11919,41.0,59.0,29,6.0,109,69,172.7,-0.032,0.12,steady,0.167,0.239,2,0.344,9.44,5.22,3.3,3.3,6.4,Action,
Transformers: Dark of the Moon,True,10687,42.7,57.3,26,9.5,163,73,146.4,-0.123,0.317,steady,0.188,0.114,2,0.401,10.01,11.84,3.9,3.6,8.6,Action,
Transformers: Age of Extinction,True,13930,52.1,47.9,19,8.0,123,74,188.3,-0.053,0.264,steady,0.169,0.17,2,0.25,8.5,12.49,7.9,6.8,7.9,Action,
Transformers: The Last Knight,True,13630,39.0,61.0,20,10.6,200,88,154.9,0.121,0.309,steady,0.13,0.14,4,0.378,9.78,14.47,5.0,2.3,7.1,Action,
Guardians of the Galaxy,True,11902,45.7,54.3,20,11.1,203,60,198.4,-0.239,0.215,fall,0.173,0.05,5,0.487,10.87,12.93,5.2,4.5,8.1,Action,
Guardians of the Galaxy Vol. 2,True,14877,53.9,46.1,25,11.4,209,80,186.0,0.016,0.259,steady,0.099,0.136,3,0.403,10.03,13.94,4.6,2.7,3.9,Action,
Guardians of the Galaxy Vol. 3,True,12175,40.0,60.0,26,12.0,239,57,213.6,0.074,0.206,steady,0.212,0.111,5,0.267,8.67,11.87,5.4,4.9,8.0,Action,
Thor,False,14370,36.8,63.2,23,11.6,221,54,266.1,0.242,0.339,steady,0.126,0.1,4,0.259,8.59,12.12,4.5,2.7,6.5,Action,
Thor: The Dark World,True,12794,39.6,60.4,19,11.8,195,79,162.0,0.173,0.242,rise,0.221,0.21,5,0.331,9.31,8.25,3.2,2.0,9.1,Action,
Thor: Ragnarok,True,12583,38.0,62.0,20,13.0,193,87,144.6,0.003,0.264,steady,0.189,0.203,3,0.402,10.02,13.74,6.6,5.9,8.2,Action,
Iron Man,False,11135,38.2,61.8,22,11.0,203,65,171.3,0.078,0.248,steady,0.102,0.223,3,0.269,8.69,13.39,3.8,6.2,4.7,Action,
Iron Man 2,False,14524,52.0,48.0,20,12.8,180,71,204.6,-0.007,0.346,steady,0.172,0.232,5,0.525,11.25,5.64,9.5,7.8,8.6,Action,
Captain America: The First Avenger,True,14506,38.4,61.6,31,11.6,162,69,210.2,-0.148,0.295,fall,0.23,0.258,2,0.424,10.24,13.79,9.5,5.3,8.1,Action,
Captain America: The Winter Soldier,False,12322,25.0,75.0,26,8.7,145,84,146.7,0.342,0.199,rise,0.167,0.151,3,0.414,10.14,12.87,1.3,2.7,6.5,Action,
Ant-Man,True,14135,33.0,67.0,25,9.9,118,71,199.1,0.01,0.264,steady,0.165,0.05,2,0.286,8.86,9.73,5.0,1.0,7.1,Action,
Ant-Man and the Wasp,False,17972,25.0,75.0,30,8.1,126,64,280.8,-0.121,0.234,fall,0.191,0.154,2,0.25,8.5,10.07,3.6,2.0,7.5,Action,
Black Widow,False,12224,61.0,39.0,29,10.1,179,51,239.7,0.214,0.241,rise,0.2,0.15,2,0.355,9.55,11.65,2.0,5.4,8.9,Action,
Captain Marvel,True,15537,35.3,64.7,18,9.2,157,79,196.7,0.126,0.284,steady,0.269,0.156,4,0.381,9.81,11.38,9.4,3.2,8.8,Action,
Spider-Man: Homecoming,True,14070,54.8,45.2,28,8.6,166,63,223.3,0.173,0.387,fall-rise,0.26,0.218,3,0.369,9.69,9.3,8.8,6.1,10.0,Action,
Spider-Man: Far From Home,True,13021,32.6,67.4,19,5.6,108,48,271.3,-0.024,0.133,steady,0.18,0.307,5,0.272,8.72,11.88,7.9,5.9,6.6,Action,
The Amazing Spider-Man,True,11764,39.5,60.5,30,10.1,148,68,173.0,-0.027,0.369,rise-fall,0.08,0.278,4,0.263,8.63,10.8,4.1,4.3,4.5,Action,
The Amazing Spider-Man 2,True,10318,42.3,57.7,23,12.4,161,65,158.8,0.241,0.242,steady,0.099,0.274,3,0.393,9.93,14.84,2.1,4.9,7.6,Action,
Spider-Man 3,True,10672,40.9,59.1,21,10.2,166,77,138.6,0.155,0.136,steady,0.159,0.111,2,0.396,9.96,10.07,2.7,5.4,8.0,Action,
Spider-Man 2,True,11265,48.3,51.7,25,10.5,209,73,154.3,0.215,0.437,rise-fall,0.193,0.124,2,0.319,9.19,13.53,5.3,5.1,7.2,Action,
Spider-Man,True,12429,58.6,41.4,23,8.8,109,65,191.2,0.375,0.282,steady,0.206,0.27,5,0.485,10.85,10.89,1.0,3.9,8.5,Action,
Venom,True,12427,32.9,67.1,28,10.7,202,69,180.1,0.123,0.322,steady,0.188,0.224,2,0.308,9.08,7.0,7.7,4.2,7.7,Action,
Venom: Let There Be Carnage,True,14568,40.1,59.9,31,7.9,125,83,175.5,0.222,0.218,steady,0.212,0.267,3,0.451,10.51,8.33,1.0,5.2,9.1,Action,
X-Men Origins: Wolverine,True,15676,56.5,43.5,22,10.4,194,60,261.3,0.112,0.214,steady,0.191,0.05,2,0.371,9.71,5.66,2.1,1.0,8.7,Action,
The Wolverine,False,13554,43.1,56.9,19,8.0,111,56,242.0,0.069,0.359,rise-fall,0.213,0.118,3,0.349,9.49,13.03,6.2,1.7,8.0,Action,
Logan,True,13023,50.3,49.7,18,10.0,167,86,151.4,-0.116,0.12,steady,0.133,0.198,2,0.344,9.44,11.37,1.0,7.2,5.8,Action,
X-Men: Days of Future Past,False,11547,26.4,73.6,31,9.6,170,56,206.2,0.031,0.203,steady,0.166,0.11,4,0.343,9.43,6.89,3.0,3.5,6.3,Action,
X-Men: The Last Stand,True,13841,48.9,51.1,25,11.5,214,72,192.2,-0.078,0.297,steady,0.179,0.05,4,0.488,10.88,14.36,6.8,1.0,6.7,Action,
X-Men: Apocalypse,True,14330,49.4,50.6,24,8.9,174,57,251.4,0.239,0.296,steady,0.186,0.05,2,0.369,9.69,13.66,6.8,3.9,8.8,Action,
X-Men: Dark Phoenix,True,12984,44.9,55.1,22,10.0,150,74,175.5,0.174,0.372,rise-fall,0.204,0.056,5,0.293,8.93,6.37,5.7,6.0,8.5,Action,
Deadpool,True,11359,33.3,66.7,25,7.7,110,63,180.3,0.056,0.283,steady,0.227,0.239,2,0.45,10.5,5.15,8.3,2.7,10.0,Action,
Deadpool 2,False,8887,39.7,60.3,18,10.3,161,70,127.0,0.162,0.186,steady,0.201,0.111,2,0.28,8.8,6.32,4.6,2.2,7.6,Action,
Wonder Woman,True,10755,34.4,65.6,22,8.2,112,81,132.8,0.368,0.431,rise-fall,0.232,0.234,3,0.371,9.71,9.58,2.3,5.7,9.5,Action,
Wonder Woman 1984,True,12162,38.0,62.0,29,9.4,117,76,160.0,0.088,0.264,steady,0.133,0.127,5,0.346,9.46,6.41,3.4,2.5,6.9,Action,
Batman v Superman: Dawn of Justice,True,14086,45.9,54.1,25,10.4,201,66,213.4,-0.195,0.306,steady,0.232,0.216,4,0.473,10.73,9.97,4.3,4.5,9.7,Action,
Superman Returns,True,15364,41.0,59.0,30,9.8,154,43,357.3,0.31,0.166,rise,0.19,0.113,3,0.316,9.16,14.95,3.4,5.0,9.0,Action,
Man of Steel,True,14014,58.2,41.8,29,10.1,158,60,233.6,0.278,0.213,steady,0.225,0.173,4,0.272,8.72,12.18,3.4,1.0,8.1,Action,
The Dark Knight,True,14100,55.9,44.1,23,11.5,285,74,190.0,0.05,0.38,fall-rise,0.18,0.25,2,0.52,11.8,6.8,2.6,1.0,8.5,Action,Thriller
The Dark Knight Rises,False,13464,40.5,59.5,30,10.6,191,53,254.0,-0.16,0.3,fall,0.18,0.05,2,0.29,8.9,11.22,4.0,2.9,8.0,Action,
Batman Begins,True,15527,54.4,45.6,18,7.8,140,75,207.0,-0.05,0.251,steady,0.133,0.219,4,0.25,8.5,9.28,4.5,8.3,8.0,Action,
Justice League,True,15082,40.2,59.8,27,11.2,207,71,212.4,0.227,0.227,steady,0.146,0.251,5,0.374,9.74,7.07,4.7,2.9,7.7,Action,
Aquaman and the Lost Kingdom,True,14286,25.0,75.0,30,10.8,186,48,297.6,0.128,0.24,steady,0.203,0.208,5,0.376,9.76,5.0,5.8,2.8,9.3,Action,
Shazam! Fury of the Gods,True,11542,35.2,64.8,20,7.8,134,77,149.9,0.149,0.142,steady,0.136,0.276,4,0.363,9.63,13.17,2.8,1.5,7.1,Action,
The Flash,False,12424,49.8,50.2,22,7.6,124,60,207.1,0.158,0.313,rise,0.206,0.154,4,0.34,9.4,8.62,7.8,9.8,7.5,Action,
Eternals,True,16122,32.8,67.2,26,9.2,162,79,204.1,0.069,0.367,fall-rise,0.164,0.164,4,0.386,9.86,5.52,5.6,3.8,6.2,Action,
Shang-Chi and the Legend of the Ten Rings,True,14827,48.4,51.6,30,10.7,169,40,370.7,0.102,0.248,steady,0.185,0.219,4,0.271,8.71,13.43,7.3,7.1,8.0,Action,
Black Panther: Wakanda Forever,True,14051,42.5,57.5,25,8.3,131,75,187.4,0.035,0.326,steady,0.207,0.061,4,0.594,11.94,13.16,8.7,6.5,8.0,Action,
The Mummy,True,15727,35.3,64.7,28,8.5,169,78,201.6,0.208,0.301,steady,0.16,0.147,5,0.341,9.41,7.78,2.7,4.7,7.8,Action,
The Mummy Returns,True,13559,45.4,54.6,18,7.8,118,80,169.5,0.235,0.132,steady,0.152,0.194,5,0.356,9.56,10.17,3.5,2.2,8.2,Action,
The Mummy: Tomb of the Dragon Emperor,True,12028,50.0,50.0,24,9.8,172,59,203.9,0.066,0.444,fall-rise,0.196,0.275,3,0.529,11.29,11.1,5.9,6.5,7.9,Action,
Jurassic Park,True,13113,48.6,51.4,23,12.1,184,70,187.3,0.042,0.254,steady,0.08,0.171,2,0.25,8.5,13.4,5.6,5.2,5.8,Action,
Jurassic Park III,False,14069,33.4,66.6,29,10.0,178,70,201.0,0.067,0.405,fall-rise,0.223,0.103,4,0.349,9.49,11.54,5.4,5.6,8.4,Action,
The Lost World: Jurassic Park,True,13056,41.3,58.7,19,12.2,204,52,251.1,-0.09,0.258,steady,0.225,0.05,4,0.341,9.41,12.87,6.4,3.9,9.0,Action,
Jurassic World: Fallen Kingdom,True,12791,25.2,74.8,30,13.8,260,81,157.9,0.044,0.364,fall-rise,0.224,0.339,2,0.367,9.67,14.36,7.9,2.1,9.6,Action,
Jurassic World Dominion,False,12803,36.5,63.5,21,12.4,197,64,200.0,0.297,0.179,steady,0.145,0.183,4,0.429,10.29,12.87,4.9,1.5,5.5,Action,
Godzilla,False,13123,50.6,49.4,21,7.5,116,50,262.5,0.133,0.258,steady,0.147,0.189,5,0.437,10.37,7.16,7.5,4.3,6.5,Action,
Godzilla: King of the Monsters,True,10961,47.7,52.3,18,9.0,147,53,206.8,0.082,0.313,steady,0.222,0.194,3,0.459,10.59,12.48,3.4,4.4,9.0,Action,
Godzilla vs. Kong,True,11721,31.0,69.0,31,5.2,68,71,165.1,0.342,0.258,steady,0.181,0.27,2,0.389,9.89,6.18,6.1,8.6,7.7,Action,
Godzilla x Kong: The New Empire,True,12032,33.0,67.0,23,13.3,239,74,162.6,0.199,0.399,rise-fall,0.194,0.05,4,0.319,9.19,13.71,3.2,4.0,9.5,Action,
King Kong,True,11834,31.9,68.1,30,9.4,128,80,147.9,0.045,0.283,steady,0.144,0.156,2,0.367,9.67,12.93,5.5,3.9,8.5,Action,
Rampage,True,16135,68.2,31.8,29,10.5,171,74,218.0,0.138,0.276,steady,0.224,0.268,2,0.271,8.71,9.51,7.0,2.4,8.5,Action,
Dune,True,16974,39.2,60.8,37,9.3,184,72,235.8,-0.004,0.264,steady,0.08,0.156,4,0.434,10.34,17.97,4.1,7.4,2.7,Sci-Fi,
Dune: Part Two,False,11991,36.1,63.9,25,9.0,133,67,179.0,0.178,0.305,rise,0.238,0.201,2,0.371,9.71,8.66,2.1,7.8,10.0,Sci-Fi,
Inception,True,16100,63.4,36.6,38,11.8,220,82,196.0,0.15,0.32,rise,0.15,0.28,4,0.48,12.2,8.5,6.2,3.0,4.0,Sci-Fi,Thriller
Interstellar,False,18118,36.6,63.4,37,7.7,129,81,223.7,0.209,0.446,fall-rise,0.14,0.272,4,0.48,10.8,14.6,4.6,2.9,4.4,Sci-Fi,
The Dark Knight Rises,False,14100,55.9,44.1,23,11.5,285,74,190.0,0.05,0.38,fall-rise,0.18,0.25,2,0.52,11.8,6.8,2.6,1.0,8.5,Action,Thriller
Seabiscuit,False,16178,68.7,31.3,28,10.4,176,74,218.6,0.151,0.171,steady,0.08,0.234,6,0.602,12.02,14.96,3.2,3.3,3.3,Drama,
Apollo 13,True,15585,57.8,42.2,39,7.4,107,66,236.1,0.245,0.197,rise,0.229,0.211,6,0.584,11.84,10.63,4.2,6.7,8.9,Drama,
The Revenant,True,17289,64.2,35.8,42,8.6,143,82,210.9,0.11,0.161,steady,0.124,0.301,4,0.625,12.25,9.69,4.0,7.4,7.5,Drama,
Oppenheimer,True,18403,72.3,27.7,37,8.3,124,72,255.6,0.178,0.293,rise,0.08,0.075,3,0.518,11.18,6.56,3.9,6.2,3.9,Drama,
Killers of the Flower Moon,False,16204,51.1,48.9,38,9.4,113,76,213.2,0.28,0.348,steady,0.131,0.227,3,0.557,11.57,11.39,6.7,4.7,5.3,Drama,
The Wolf of Wall Street,False,17889,63.9,36.1,45,12.3,153,69,259.3,0.012,0.296,steady,0.142,0.09,4,0.617,12.17,13.63,5.6,5.6,7.5,Crime,
Once Upon a Time in Hollywood,True,18790,67.7,32.3,26,8.4,141,69,272.3,0.148,0.239,steady,0.08,0.164,2,0.44,10.4,5.71,3.1,2.1,2.8,Drama,
Pulp Fiction,False,16100,60.4,39.6,43,10.2,225,68,237.0,0.15,0.4,steady,0.28,0.23,6,0.44,9.8,5.2,3.6,3.0,6.5,Crime,Drama
Inglourious Basterds,True,16372,33.0,67.0,22,9.3,111,71,230.6,0.065,0.305,steady,0.192,0.304,3,0.277,8.77,7.82,8.8,2.1,8.8,War,
The Hateful Eight,True,17436,57.1,42.9,40,11.0,218,66,264.2,0.207,0.276,steady,0.08,0.24,6,0.411,10.11,11.87,4.0,8.9,3.2,Crime,
